sp_code,DE,LMA,Nmass,Aarea,Rdmass
ADEFAS,E,281.838,1.172,14.125,NA
ARBMEN,E,154.882,1.242,11.22,NA
ARCTOM,E,141.254,1.033,10.471,NA
ARTCAL,D,95.499,NA,NA,NA
BACPIL,E,107.152,2.443,17.378,NA
CEACUN,E,229.087,1.799,22.909,NA
CEAOLI,E,120.226,2.128,17.783,NA
CERBET,E,138.038,2.41,24.547,NA
CLELAS,D,74.131,NA,NA,NA
DIROCC,D,56.234,2.582,7.762,NA
ERICAL,E,177.828,1.667,18.621,NA
HETARB,E,208.93,1.371,12.303,NA
HOLDIS,D,77.625,1.941,12.589,NA
LEPCAL,D,100,1.816,12.589,NA
LONHIS,D,107.152,NA,NA,NA
LOTSCO,D,95.499,2.296,21.38,NA
MIMAUR,E,112.202,1.156,14.791,NA
PICMON,E,151.356,NA,NA,NA
PRUIIL,E,151.356,2.046,9.55,NA
QUEAGR,E,194.984,NA,NA,NA
QUEDUR,E,208.93,NA,NA,NA
RHACAL,E,74.131,2.08,10.715,NA
RHACRO,E,125.893,2.128,12.589,NA
RIBCAL,D,93.325,2.234,10.965,NA
RIBMAL,D,74.131,NA,NA,NA
SAMMEX,D,100,2.535,19.055,NA
SOLUMB,D,79.433,NA,NA,NA
TOXDIV,D,79.433,1.977,13.183,NA
CHETRY,NA,89.125,1.191,5.37,NA
CHEOAH,E,89.125,3.631,14.791,NA
COMOCH,E,79.433,1.291,10,NA
METPOL,NA,309.03,0.729,4.467,NA
MYOSAN,NA,147.911,1.291,14.791,NA
MYRLES,NA,154.882,0.959,7.244,NA
PELSP,NA,66.069,1.3,NA,NA
RHUSAN,NA,47.863,1.4,16.596,NA
RUBHAW,E,36.308,2.951,NA,NA
SOPCHR,NA,114.815,2.891,7.762,NA
STYTAM,E,204.174,0.82,NA,NA
VACCHA,E,53.703,1.991,5.129,NA
VACRET,E,169.824,0.889,NA,NA
CARKAU,NA,151.356,0.971,NA,NA
DODVIS,E,144.544,1.4,NA,NA
DUBSCA,E,66.069,0.809,NA,NA
METPOL,NA,194.984,0.859,9.55,NA
NEPSP,NA,154.882,1.089,1.445,NA
DICLIN,NA,83.176,1.089,NA,NA
HETCON,NA,45.709,1.18,NA,NA
METPOL,NA,141.254,0.859,NA,NA
METPOL,NA,177.828,0.871,10.965,NA
MYRSAN,E,45.709,1.05,NA,NA
NEPSP,NA,47.863,1.109,NA,NA
PIPALB,NA,61.66,1.6,14.125,NA
PSYSP,E,70.795,1.309,1.95,NA
BRUARG,E,72.444,1.34,3.311,NA
CIBGLA,NA,60.256,1.66,NA,NA
CLEMON,E,32.359,2.851,1.514,NA
FREARB,NA,60.256,1.91,2.344,NA
ILEANO,NA,95.499,1.239,NA,NA
METPOL,NA,109.648,1.109,3.311,NA
METPOL,NA,204.174,0.769,3.802,NA
PEPSP,NA,37.154,2.178,NA,NA
COMERN,E,81.283,0.991,NA,NA
COMOCH,E,39.811,1.75,1.288,NA
DICLIN,NA,109.648,0.959,NA,NA
HEDCEN,E,123.027,1.271,3.715,NA
MACMAR,NA,223.872,0.69,NA,NA
METPOL,NA,158.489,0.78,4.571,NA
METPOL,NA,363.078,0.59,6.166,NA
BETPAP,D,100,2.523,19.498,NA
PRUSER,D,56.234,2.679,18.621,NA
FRAAME,D,91.201,2.28,9.12,NA
QUERUB,D,109.648,2.547,23.442,NA
QUEALB,D,100,3.365,22.909,NA
CASDEN,NA,57.544,2.588,12.589,NA
ULMAME,D,64.565,2,12.882,NA
ACERUB,D,104.713,1.714,12.882,NA
ACESAC,D,102.329,1.667,6.918,NA
ACEPEN,D,58.884,2.541,10,NA
ACASKU,E,25.704,2.582,NA,NA
AEGCOS,D,42.658,1.552,NA,NA
ALLCAM,E,107.152,1.13,NA,NA
AMPTUX,E,85.114,1.426,NA,NA
ASTMEX,E,74.131,1.667,NA,NA
BACTRI,E,54.954,1.538,NA,NA
BROALI,D,63.096,2.133,NA,NA
BURSIM,D,85.114,1.514,NA,NA
CAPBAD,E,56.234,1.633,NA,NA
CASSYL,E,63.096,NA,NA,NA
CECOBT,E,77.625,2.208,NA,NA
CHAALT,E,41.687,1.202,NA,NA
CHAPIN,E,40.738,1.766,NA,NA
CLABIF,E,107.152,2.099,NA,NA
COCHON,E,104.713,NA,NA,NA
CORMEG,D,85.114,2.133,NA,NA
CROSCH,E,66.069,1.914,NA,NA
CUPDEN,E,114.815,1.503,NA,NA
CYMBAI,E,109.648,1.315,NA,NA
CYNRET,E,128.825,1.18,NA,NA
DENARB,E,93.325,0.895,NA,NA
DIAGUI,D,83.176,1.687,NA,NA
DUSMEX,D,83.176,1.585,NA,NA
ERYFOL,D,48.978,2.78,NA,NA
FAROCC,E,87.096,1.236,NA,NA
FICTEC,E,131.826,NA,NA,NA
FICYOP,E,104.713,1.726,NA,NA
GUALT ,E,45.709,1.738,NA,NA
GUAGLA,E,114.815,1.75,NA,NA
GUAGRA,E,100,1.6,NA,NA
HAMNUT,E,61.66,2.104,NA,NA
HELAPP,E,51.286,2.118,NA,NA
INGQUA,E,93.325,NA,NA,NA
LONGUA,D,97.724,2.477,NA,NA
LUNMEX,E,54.954,1.5,NA,NA
MORGUA,E,100,1.514,NA,NA
MYRLON,D,53.703,1.445,NA,NA
NECAMB,E,138.038,1.69,NA,NA
OMPOLE,D,70.795,2.529,NA,NA
OREOBT,E,131.826,NA,NA,NA
ORTOBL,E,69.183,1.592,NA,NA
PIPAMA,E,66.069,2.123,NA,NA
PIPAUR,E,37.154,3.221,NA,NA
PIPHIS,E,64.565,2.301,NA,NA
PLELIN,E,100,1.39,NA,NA
POUARM,D,117.49,1.671,NA,NA
POUDUR,E,128.825,1.589,NA,NA
POURHY,E,91.201,1.069,NA,NA
PSEOXY,E,87.096,1.035,NA,NA
PSYCHI,E,53.703,1.791,NA,NA
PSYFAX,E,54.954,1.38,NA,NA
PSYFLA,E,109.648,1.091,NA,NA
PSYSIM,E,41.687,1.607,NA,NA
PTEROH,D,95.499,1.871,NA,NA
QUAYUN,E,58.884,1.346,NA,NA
GARINT,E,138.038,0.753,NA,NA
ROBMIR,E,60.256,1.95,NA,NA
SALMEG,E,154.882,NA,NA,NA
SPORAD,D,72.444,1.419,NA,NA
STEDON,E,53.703,2.244,NA,NA
TREMIC,E,57.544,2.291,NA,NA
TRIMAR,E,61.66,2.168,NA,NA
TRIMEX,E,95.499,1.807,NA,NA
TROMEX,E,64.565,1.687,NA,NA
TUROCC,E,81.283,1.117,NA,NA
URECAR,E,57.544,2.831,NA,NA
UREELA,E,39.811,1.371,NA,NA
VATLUN,E,85.114,1.552,NA,NA
VOCGUA,E,112.202,1.059,NA,NA
ZANKEL,D,66.069,2.084,NA,NA
QUEFAL,D,131.826,1.469,16.596,NA
QUEHEM,E,134.896,1.211,12.589,NA
QUEINC,E,107.152,0.951,14.454,NA
QUELAU,E,125.893,1.321,13.49,NA
QUELAE,D,109.648,1.531,13.49,NA
QUEMYR,E,125.893,1.021,8.511,NA
QUENIG,E,128.825,1.291,13.49,NA
QUESHU,D,97.724,1.679,15.136,NA
QUEPUM,E,120.226,1.009,15.136,NA
QUESTE,D,141.254,1.73,17.378,NA
QUEMAR,D,109.648,1.6,17.378,NA
QUEMIC,D,162.181,0.889,19.055,NA
QUEAUS,D,114.815,1.941,14.791,NA
QUECHA,E,114.815,1.39,8.913,NA
QUEGEM,E,223.872,0.871,20.893,NA
QUEMIN,E,102.329,1.778,12.882,NA
QUEVIR,E,147.911,1.321,22.387,NA
ARBAND,E,45.709,NA,NA,NA
ARBUNE,E,44.668,NA,NA,NA
QUECOC,E,46.774,NA,NA,NA
PISLEN,E,45.709,NA,NA,NA
CERSIL,E,48.978,NA,NA,NA
MYRCOM,E,72.444,NA,NA,NA
OLEEUR,E,43.652,NA,NA,NA
PHIMED,E,58.884,NA,NA,NA
QUEILE,E,79.433,NA,NA,NA
LAUNOB,E,81.283,NA,NA,NA
NEROLE,E,48.978,NA,NA,NA
DACBEC,NA,NA,0.889,NA,NA
EUGCAU,NA,NA,0.65,NA,NA
EUGSTA,NA,NA,0.859,NA,NA
EURLON,NA,NA,NA,NA,NA
FICDEL,NA,NA,1.321,NA,NA
PODNER,NA,NA,0.69,NA,NA
SPORAD,D,NA,2.649,NA,NA
ANNSPR,NA,NA,2.198,NA,NA
DESPAN,NA,NA,2.208,NA,NA
GUADUM,E,NA,2.35,NA,NA
ASPMEG,E,NA,1.291,NA,NA
JACCOP,NA,NA,2.339,NA,NA
TABROS,NA,NA,2.339,NA,NA
OCHPYR,E,NA,2.228,NA,NA
QUAAST,NA,NA,2.46,NA,NA
CORALL,D,NA,3.097,NA,NA
PROTEN,E,NA,1.71,NA,NA
TETPAN,E,NA,1.56,NA,NA
TRAASP,NA,NA,2.228,NA,NA
PRICOP,E,NA,2.148,NA,NA
SWASIM,E,NA,2.588,NA,NA
TACVER,E,NA,2.259,NA,NA
HIRTRI,E,NA,1.811,NA,NA
ALCCOS,NA,NA,2.317,NA,NA
CROBIL,NA,NA,2.71,NA,NA
HYEALC,NA,NA,2.432,NA,NA
SAPAUC,NA,NA,3.048,NA,NA
CASARB,NA,NA,2.818,NA,NA
ZUEGUI,NA,NA,1.991,NA,NA
CALLON,E,NA,1.169,NA,NA
MICARG,NA,NA,1.671,NA,NA
GUAGLA,E,NA,3.097,NA,NA
GUAMUL,E,NA,2.399,NA,NA
TRICIP,E,NA,2.061,NA,NA
CECINS,NA,NA,2.08,NA,NA
CECOBT,NA,NA,2.951,NA,NA
POUARM,E,NA,1.6,NA,NA
VIRSEB,E,NA,2.71,NA,NA
ALSBLA,NA,NA,2.972,NA,NA
FAROCC,E,NA,1.611,NA,NA
MACGLA,NA,NA,2.35,NA,NA
ZANEKM,NA,NA,2.679,NA,NA
ZANPAN,NA,NA,2.818,NA,NA
CUPRUF,E,NA,1.871,NA,NA
CUPSYL,E,NA,2.57,NA,NA
CHRARG,NA,NA,1.799,NA,NA
POURET,E,NA,2.917,NA,NA
SIMAMA,NA,NA,2.36,NA,NA
APEASP,NA,NA,2.188,NA,NA
APETIB,NA,NA,2.642,NA,NA
LUESEE,D,NA,2.618,NA,NA
TREMIC,E,NA,2.891,NA,NA
ACEPLA,D,57.544,2.355,NA,NA
ACEPSE,D,75.858,2.844,NA,NA
AESHIP,D,72.444,2.355,NA,NA
ALNGLU,D,69.183,3.54,NA,NA
ARBUNE,E,93.325,2.301,NA,NA
BERVUL,D,75.858,2.296,NA,NA
BETPEN,D,72.444,2.754,NA,NA
BUDDAV,D,81.283,1.982,NA,NA
BUXSEM,E,109.648,2.089,NA,NA
CALVUL,E,60.256,1.476,NA,NA
CASSAT,D,75.858,2.377,NA,NA
CORSAN,D,61.66,2.123,NA,NA
CORAVE,D,67.608,2.455,NA,NA
CRAMON,D,87.096,1.791,NA,NA
CYTSCO,E,61.66,2.924,NA,NA
DAPMEZ,D,44.668,2.529,NA,NA
DRYOCT,E,64.565,1.928,NA,NA
EMPNIG,E,100,1.327,NA,NA
ERICIN,E,89.125,1.419,NA,NA
EUOEUR,D,64.565,2.449,NA,NA
FAGSYL,D,81.283,2.388,NA,NA
FRAALN,D,47.863,2.851,NA,NA
FRAEXC,D,77.625,2.57,NA,NA
HEBX F,E,87.096,1.845,NA,NA
HEDHEL,E,72.444,1.393,NA,NA
HELNUM,E,75.858,2.254,NA,NA
HIPRHA,D,79.433,3.041,NA,NA
ILEAQU,E,128.825,1.607,NA,NA
JUGREG,D,69.183,2.193,NA,NA
LABANA,D,56.234,3.404,NA,NA
LARDEC,D,109.648,2.254,NA,NA
LIGVUL,E,100,1.578,NA,NA
LONPER,D,70.795,2.259,NA,NA
MALSYL,D,85.114,2.173,NA,NA
PICSIT,E,154.882,1.306,NA,NA
PINSYL,E,141.254,1.675,NA,NA
PRULAU,E,120.226,1.614,NA,NA
PRULUS,E,141.254,1.167,NA,NA
PRUSPI,D,69.183,3.034,NA,NA
QUECER,D,100,2.735,NA,NA
QUEILE,E,158.489,2.344,NA,NA
QUEPET,D,74.131,2.57,NA,NA
QUEROB,D,75.858,2.871,NA,NA
QUERUB,D,57.544,2.265,NA,NA
RHACAT,D,54.954,3.02,NA,NA
RHOPON,E,117.49,1.033,NA,NA
RIBNIG,D,66.069,1.845,NA,NA
RIBUVA,D,60.256,2.239,NA,NA
ROBPSE,D,50.119,2.972,NA,NA
ROSARV,D,44.668,2.404,NA,NA
RUBFRU,E,64.565,2.518,NA,NA
SALCAP,D,69.183,2.704,NA,NA
SAMNIG,D,52.481,3.327,NA,NA
SOLDUL,D,26.915,3.837,NA,NA
SORAUC,D,72.444,2.529,NA,NA
TAXBAC,E,117.49,2.388,NA,NA
THYPOL,E,63.096,1.629,NA,NA
ULEEUR,E,89.125,3.192,NA,NA
ULEGAL,E,138.038,2.259,NA,NA
ULMGLA,D,75.858,2.183,NA,NA
VACMYR,D,54.954,1.71,NA,NA
VACOXY,E,100,1.535,NA,NA
VACVIT,E,138.038,1.122,NA,NA
VIBOPU,D,63.096,2.393,NA,NA
VIBTIN,E,117.49,1.186,NA,NA
AMEALN,NA,107.152,1.82,16.596,NA
ARTTRI,NA,169.824,1.432,7.413,NA
JUNOST,NA,645.654,0.757,3.09,NA
PINJEF,NA,331.131,1.079,10.715,NA
PINMON,NA,741.31,0.895,6.761,NA
PINPON,NA,316.228,0.966,7.244,NA
PURTRI,NA,NA,2.366,NA,NA
LYOLUC,E,173.78,0.7,7.762,NA
CYRRAC,E,102.329,1.259,10.965,NA
LEURAC,D,89.125,0.979,7.079,NA
ITEVIR,D,70.795,1.119,6.31,NA
CLEALN,D,85.114,1.259,8.318,NA
ACHERB,NA,44.668,4.624,16.218,NA
ARAALP,NA,38.019,2.938,NA,NA
ARACAE,NA,47.863,3.199,NA,NA
ARTGEN,NA,41.687,2.979,NA,NA
CAMBAR,NA,52.481,2.27,NA,NA
CERUNI,NA,31.623,2.612,NA,NA
DORCLU,NA,48.978,4.036,20.893,NA
ERIUNI,NA,47.863,3.304,22.387,NA
GENBAV,NA,58.884,1.622,NA,NA
GENKOC,NA,66.069,1.361,NA,NA
GEUMON,NA,70.795,2.472,14.791,NA
GEUREP,NA,70.795,2.588,13.804,NA
LEOHIS,NA,50.119,3.17,NA,NA
LEUALP,NA,63.096,2.36,10.965,NA
LIGMUT,NA,79.433,3.622,23.988,NA
LINALP,NA,39.811,2.382,NA,NA
LUZALP,NA,67.608,2.979,14.791,NA
OXYDIG,D,25.704,4.55,16.218,NA
PEDASP,NA,52.481,2.812,20.417,NA
POALAX,NA,39.811,4.315,NA,NA
POLVIV,NA,70.795,3.917,20.417,NA
POTAUR,NA,47.863,2.46,NA,NA
POTCRA,D,60.256,3.281,16.218,NA
POTFRI,NA,52.481,2.5,NA,NA
PRIGLU,NA,72.444,2.679,12.303,NA
RANGLA,NA,61.66,3.381,19.498,NA
SENINC,NA,66.069,2.042,NA,NA
SIBPRO,D,58.884,1.871,NA,NA
TARALP,NA,36.308,2.938,10.715,NA
VERALP,NA,37.154,2.312,NA,NA
VERBEL,NA,100,1.191,NA,NA
ACHMIL,NA,52.481,3.192,17.783,NA
ALCVER,NA,26.915,2.897,NA,NA
ARAHIR,NA,50.119,2,NA,NA
CALPAL,NA,32.359,NA,NA,NA
CAMGLO,NA,37.154,2.698,NA,NA
CARCAR,NA,38.019,3.499,19.055,NA
CERARV,NA,100,3.499,NA,NA
CHRLEU,NA,52.481,2.838,22.909,NA
ERIACR,NA,56.234,2.099,NA,NA
GEURIV,NA,52.481,2.432,12.589,NA
LEOHIS,NA,43.652,2,NA,NA
LYCFLO,NA,44.668,1.4,NA,NA
POLBIS,NA,37.154,2.388,NA,NA
POTANS,NA,52.481,3.09,20.417,NA
POTREP,NA,34.674,3.499,NA,NA
POTVER,NA,58.884,2.198,NA,NA
PRIELA,NA,41.687,2.46,10.715,NA
PRIFAR,NA,44.668,1.698,NA,NA
RANACR,NA,63.096,2.366,16.218,NA
RANBUL,NA,56.234,2.911,NA,NA
RANFIC,NA,32.359,3.304,NA,NA
RANNEM,NA,67.608,2,NA,NA
TAROFF,NA,34.674,3.597,22.909,NA
TRIREP,NA,33.884,4.498,16.218,NA
VERCHA,NA,32.359,1.698,NA,NA
CASSP,NA,66.069,2.382,NA,NA
GERSP,NA,60.256,1.321,NA,NA
LACSP,NA,93.325,0.929,NA,NA
LUPSP,NA,52.481,3.221,NA,NA
PLALAN,D,58.884,2.312,NA,NA
TAROFF,NA,33.113,3.999,NA,NA
TRIREP,NA,39.811,3.443,NA,NA
BACARB,NA,95.499,2.917,NA,NA
BOMGLA,NA,114.815,2.168,NA,NA
CALINT,NA,199.526,0.67,NA,NA
CARPIC,NA,87.096,1.648,NA,NA
CHUJUS,NA,141.254,1.679,NA,NA
DIPRUP,NA,154.882,2.249,NA,NA
GERCON,NA,79.433,2.541,NA,NA
GUNMAG,NA,109.648,2.27,NA,NA
GYNSP,NA,169.824,1.589,NA,NA
HALWED,NA,87.096,1.679,NA,NA
LORILI,E,199.526,1.069,NA,NA
LUPKUN,NA,83.176,3.908,NA,NA
LUZGIG,NA,58.884,1.549,NA,NA
NIPDIS,NA,125.893,2.812,NA,NA
PLARIG,NA,162.181,1.33,NA,NA
RANPER,NA,69.183,3.304,NA,NA
SENCOM,NA,67.608,3.698,NA,NA
VALPIL,NA,123.027,1.82,NA,NA
WERNUB,NA,181.97,2.239,NA,NA
AASP,NA,107.152,2.642,NA,NA
AGRNIG,NA,93.325,2.158,NA,NA
ASTGEM,NA,134.896,3.467,NA,NA
AZOPED,NA,128.825,1.611,NA,NA
CALACA,NA,100,2.692,NA,NA
CERMOL,NA,64.565,2.692,NA,NA
CULCAN,NA,275.423,1.211,NA,NA
CULNIV,NA,234.423,1.57,NA,NA
CULREF,NA,169.824,1.581,NA,NA
DRAARE,NA,75.858,2.128,NA,NA
ERIECU,NA,66.069,2.858,NA,NA
GENNUM,NA,64.565,1.671,NA,NA
HYPSON,NA,87.096,2.312,NA,NA
LACORB,NA,128.825,1.151,NA,NA
LUZRAC,NA,102.329,1.239,NA,NA
NOTPHY,NA,87.096,2.477,NA,NA
OREAND,NA,109.648,1.901,NA,NA
PLANUB,NA,158.489,0.78,NA,NA
RUMACE,NA,67.608,2.35,NA,NA
SILTHY,NA,75.858,2.698,NA,NA
WERHUM,NA,97.724,1.449,NA,NA
WERNUB,NA,158.489,1.429,NA,NA
WERPUM,NA,169.824,1.742,NA,NA
BROLAN,NA,85.114,2.63,NA,NA
CASFIS,NA,47.863,1.39,NA,NA
CERMOL,NA,58.884,3.199,NA,NA
CULREF,NA,194.984,1.459,NA,NA
VIOSP,NA,74.131,4.932,NA,NA
ARBMEN,E,123.027,1.346,7.762,NA
HETARB,E,229.087,1.038,10.715,NA
PRUILI,E,158.489,1.778,8.511,NA
RHACAL,E,107.152,1.905,7.586,NA
UMBCAL,E,131.826,1.766,8.511,NA
DIDMAC,E,NA,NA,10,NA
QUAGRA,D,NA,NA,11.482,NA
MICFAL,E,NA,NA,9.55,NA
ROUMON,E,NA,NA,10.965,NA
OURHEX,E,NA,NA,4.467,NA
ACEMON,D,83.176,2.228,NA,NA
AEGGEN,D,37.154,3.266,NA,NA
AEGOVA,NA,43.652,2.831,NA,NA
AVEBAR,NA,40.738,2.41,NA,NA
AVEBRO,NA,54.954,2.018,NA,NA
BRADIS,NA,30.2,1.722,NA,NA
BRAPHO,D,63.096,1.622,NA,NA
BRARET,NA,54.954,1.91,NA,NA
BROERE,D,54.954,2.128,NA,NA
BROLAN,D,38.905,1.879,NA,NA
BROMAD,NA,26.915,2.109,NA,NA
BUPRIG,D,107.152,1.374,NA,NA
BUXSEM,E,162.181,1.148,NA,NA
CALNEP,E,38.019,3.192,NA,NA
CLEVIT,NA,36.308,3.221,NA,NA
CONARV,NA,43.652,2.871,NA,NA
CRESAN,NA,38.019,1.892,NA,NA
CREVES,NA,54.954,2.761,NA,NA
DACGLO,D,44.668,2.761,NA,NA
DAUCAR,D,77.625,2.761,NA,NA
DESRIG,NA,42.658,2.553,NA,NA
DICISC,NA,34.674,2.018,NA,NA
KICSPU,NA,28.84,2.198,NA,NA
MEDMIN,D,30.2,4.831,NA,NA
MELCIL,NA,42.658,2.704,NA,NA
PHILAT,E,131.826,1.148,NA,NA
PHLPRA,NA,37.154,2.673,NA,NA
PISTER,D,93.325,2.158,NA,NA
PLALAN,D,63.096,1.795,NA,NA
PSOBIT,NA,52.481,4.285,NA,NA
QUEILE,E,147.911,1.652,NA,NA
QUEPUB,D,100,1.694,NA,NA
RUBPER,E,70.795,1.416,NA,NA
RUBSP,D,58.884,2.466,NA,NA
SANMIN,D,56.234,2.296,NA,NA
SCAATR,NA,83.176,2.773,NA,NA
URODAL,NA,31.623,3.221,NA,NA
VIBTIN,E,91.201,1.262,NA,NA
ACEMON,D,69.183,2.128,10.233,NA
ARIROT,NA,36.308,3.281,NA,NA
BRAPHO,D,54.954,2.113,13.804,NA
CALNEP,E,34.674,2.704,NA,NA
CRAMON,D,70.795,1.892,12.023,NA
DACGLO,D,35.481,3.436,NA,NA
DORPEN,D,54.954,3.42,9.772,NA
HELNUM,E,66.069,2.564,NA,NA
LAVLAT,E,81.283,1.945,NA,NA
PISTER,D,69.183,2.477,NA,NA
PLALAN,D,50.119,2.393,16.982,NA
PSOBIT,NA,51.286,4.416,NA,NA
QUEPUB,D,93.325,2.113,NA,NA
RUBPER,E,61.66,1.945,12.589,NA
RUBSP,D,53.703,2.312,9.12,NA
SCAATR,NA,74.131,2.972,NA,NA
TEUCHA,E,69.183,2.113,14.454,NA
VIBTIN,E,61.66,1.528,4.677,NA
ACEMON,D,79.433,1.795,NA,NA
AEGGEN,D,43.652,2.506,14.791,NA
AGRSP,NA,36.308,3.499,NA,NA
ANAARV,NA,25.119,2.884,NA,NA
ARIROT,NA,48.978,3.491,NA,NA
AVEBAR,NA,39.811,2.477,NA,NA
AVEBRO,D,63.096,1.738,4.266,NA
BRADIS,D,33.884,2.421,8.511,NA
BRAPHO,D,64.565,1.698,7.413,NA
BROERE,D,53.703,1.995,10.715,NA
BROHOR,NA,35.481,2.673,NA,NA
BROLAN,D,40.738,2.198,9.55,NA
BROMAD,NA,28.184,2.168,NA,NA
BUPRIG,D,81.283,1.622,20.893,NA
BUXSEM,E,162.181,1.459,5.37,NA
CALNEP,E,38.019,2.624,9.12,NA
CARHAL,D,72.444,1.862,10.471,NA
CATCOE,D,63.096,2.032,23.442,NA
CLEVIT,NA,51.286,2.748,NA,NA
CONARV,NA,38.019,2.884,NA,NA
CRAMON,D,95.499,1.596,NA,NA
CRESAN,NA,30.903,1.837,NA,NA
CREVES,NA,38.905,2.128,NA,NA
DACGLO,D,45.709,3.02,5.888,NA
DAUCAR,D,56.234,2.523,15.488,NA
DORHIR,D,47.863,3.192,13.183,NA
DORPEN,D,69.183,2.661,NA,NA
ECHRIT,D,85.114,2.692,18.197,NA
ERYCAM,D,97.724,2.158,21.878,NA
HELNUM,E,64.565,2.265,9.333,NA
HORMUR,NA,33.884,3.048,NA,NA
JUNOXY,E,141.254,0.839,3.548,NA
KICSPU,NA,29.512,2.104,NA,NA
LAVLAT,E,93.325,1.718,4.266,NA
LOLRIG,NA,39.811,2.477,NA,NA
LONETR,NA,66.069,1.82,NA,NA
LOTCOR,NA,47.863,3.069,NA,NA
MEDMIN,D,45.709,3.75,11.22,NA
PHILAT,E,109.648,1.807,NA,NA
PHLPRA,D,40.738,2.46,5.754,NA
PISTER,D,97.724,2.113,11.749,NA
PLALAN,D,60.256,2.032,NA,NA
POTCRA,D,81.283,1.807,19.055,NA
PRUMAH,D,77.625,2.208,13.804,NA
PRUSPI,D,81.283,1.901,12.589,NA
PSOBIT,NA,50.119,4.207,NA,NA
QUEILE,E,169.824,1.3,9.12,NA
QUEPUB,D,109.648,2.014,7.943,NA
ROSMIC,D,77.625,1.901,12.882,NA
RUBPER,E,53.703,2.061,NA,NA
RUBSP,D,81.283,1.862,NA,NA
RUSACU,NA,54.954,2.692,NA,NA
SANMIN,D,51.286,2.099,10.715,NA
SCAATR,NA,83.176,2.477,NA,NA
STAOFF,NA,60.256,2.075,NA,NA
TEUCHA,E,77.625,1.991,4.074,NA
THYVUL,E,79.433,1.977,6.607,NA
TRIANG,NA,45.709,3.251,NA,NA
URODAL,NA,41.687,2.089,NA,NA
VIBTIN,E,83.176,1.094,NA,NA
VIOSCO,D,47.863,1.959,8.511,NA
VULCIL,NA,26.303,2.089,NA,NA
XERINA,D,28.184,3.148,10.471,NA
CISMON,E,134.896,2.089,23.988,NA
CNETRI,E,100,2.009,10.715,NA
HYPBAL,E,117.49,2.449,10.715,NA
PHILAT,E,120.226,1.778,12.589,NA
PINHAL,E,125.893,1.3,7.586,NA
PISLEN,E,208.93,1.409,12.589,NA
RHALUD,E,165.959,1.82,9.55,NA
URGMAR,NA,109.648,3.112,12.303,NA
ARBUNE,E,165.959,1.191,9.12,NA
CISALB,E,109.648,1.941,16.596,NA
CISSAL,E,134.896,1.849,19.498,NA
QUECOC,E,169.824,1.199,10,NA
QUEILE,E,194.984,1.57,11.482,NA
RHAALA,E,151.356,2.018,10.233,NA
ACEOPA,D,56.234,3.273,7.413,NA
AVECRA,NA,91.201,2.218,13.49,NA
CAPSPI,D,77.625,4.721,27.542,NA
CEPSQU,E,114.815,2.291,19.498,NA
CRETRI,E,53.703,3.311,15.136,NA
DELPIC,NA,56.234,3.908,18.197,NA
DIARUP,NA,114.815,2.028,16.218,NA
EUPMAR,E,79.433,3.673,13.183,NA
GLOCAM,E,158.489,1.629,16.596,NA
LIGHUT,E,39.811,4.15,15.488,NA
LIMMIG,E,107.152,2.472,16.596,NA
PHLITA,E,109.648,2.089,19.953,NA
PISTER,D,134.896,2.818,20.417,NA
PTEAQU,NA,107.152,2.148,12.303,NA
SILMOL,E,69.183,3.656,14.454,NA
URTATR,NA,43.652,4.074,15.488,NA
VIOJAU,E,52.481,3.648,11.22,NA
VIOSTO,E,38.905,4.188,12.589,NA
VIOX B,E,63.096,2.692,11.749,NA
AMABLI,NA,54.954,4.315,33.884,NA
AMARET,NA,58.884,2.553,19.953,NA
ANAFOE,D,95.499,3.724,21.38,NA
ATRHAL,E,87.096,5.2,21.878,NA
BETVUL,NA,51.286,3.811,22.387,NA
CERSIL,E,251.189,1.429,13.183,NA
CHEALB,NA,67.608,4.198,26.303,NA
CICINT,NA,34.674,3.548,18.621,NA
CONARV,NA,41.687,5.47,17.378,NA
DATSTR,NA,47.863,5.715,28.84,NA
DITVIS,NA,53.703,3.396,16.596,NA
FRAANG,D,112.202,2.371,22.909,NA
HELLIV,E,169.824,1.69,12.882,NA
HELFOE,E,169.824,1.66,11.482,NA
LAVDEN,E,79.433,2.46,23.988,NA
LAVCRE,NA,47.863,5.035,28.84,NA
PAECAM,NA,114.815,1.742,12.023,NA
POPALB,D,91.201,2.35,16.596,NA
QUEHUM,D,104.713,2.729,16.596,NA
VERSIN,NA,72.444,2.08,25.119,NA
VITAGN,D,83.176,3.342,22.387,NA
CASSIE,E,120.226,1.005,6.026,NA
QUEACU,E,112.202,0.794,5.623,NA
CAMJAP,E,102.329,1.014,7.413,NA
CLEJAP,E,104.713,1.148,7.413,NA
CINJAP,E,112.202,0.977,4.677,NA
NEOSER,E,95.499,1.05,3.89,NA
ILLANI,E,57.544,1.253,3.802,NA
MAEJAP,E,81.283,1.104,5.012,NA
BOESP,E,54.954,2.5,5.495,NA
SYZSP1,E,66.069,1.479,3.388,NA
MACTRI,E,34.674,3.273,7.943,NA
PARMAL,E,48.978,1.905,4.266,NA
SHOARG,E,46.774,2.109,4.898,NA
DRIPIP,E,66.069,1.514,4.786,NA
SYZCON,E,114.815,1.355,5.888,NA
MACSP,E,66.069,1.483,5.129,NA
TRIVER,E,97.724,1.528,5.37,NA
TRICLE,E,125.893,1.13,6.607,NA
DRIPIP,E,117.49,1.791,3.715,NA
SYZHOU,E,181.97,1.262,3.467,NA
LITHAV,E,208.93,1.216,3.548,NA
PHODAV,E,147.911,2.223,6.457,NA
SCHBRE,E,158.489,1.222,4.074,NA
DRIPIP,E,117.49,2.218,2.754,NA
SYZSP2,E,181.97,1.762,2.818,NA
PHODAV,E,128.825,2.168,3.715,NA
SCOCRA,NA,120.226,1.361,NA,NA
EUGMAB,NA,89.125,1.291,NA,NA
ACRPED,NA,102.329,2.099,NA,NA
ACTAMB,NA,151.356,1.14,NA,NA
ALLVAR,NA,87.096,2.27,NA,NA
MICNIL,NA,83.176,1.828,NA,NA
ACESAC,D,64.565,1.611,NA,NA
CARGLA,D,74.131,1.66,NA,NA
FAGGRA,D,67.608,1.968,NA,NA
LIRTUL,D,75.858,1.722,NA,NA
QUEALB,D,79.433,1.791,NA,NA
QUEPRI,D,87.096,1.5,NA,NA
QUERUB,D,93.325,1.622,NA,NA
QUEVEL,D,104.713,1.38,NA,NA
ACERUB,D,72.444,NA,8.318,NA
ACESAC,D,58.884,NA,5.012,NA
FAGGRA,D,61.66,NA,6.457,NA
POPGRA,D,77.625,NA,15.136,NA
QUERUB,D,109.648,NA,12.589,NA
ANAEXC,E,83.176,1.66,10.471,25.703957827688633
LUESEE,D,138.038,2.028,18.621,21.379620895022324
CASELA,D,77.625,2.128,7.762,26.915348039269155
ANTTRI,D,93.325,2.07,19.498,18.197008586099834
URECAR,D,67.608,3.828,15.488,28.84031503126606
CECLON,D,114.815,2.612,19.953,21.87761623949553
ACEPAL,D,44.668,NA,4.169,NA
ACEMON,D,56.234,1.6,4.571,NA
CARCOR,D,63.096,NA,5.37,NA
CORCON,D,63.096,NA,5.888,NA
OSTJAP,D,64.565,NA,6.607,NA
POPSIE,D,67.608,NA,10.233,NA
PRUSSI,D,72.444,NA,5.495,NA
MAAAMU,D,75.858,NA,6.761,NA
JUGAIL,D,79.433,3.097,7.244,NA
CERJAP,D,72.444,NA,7.244,NA
SORCOM,D,74.131,NA,7.413,NA
FRAMAD,D,72.444,2.399,7.586,NA
KALPIC,D,75.858,NA,7.762,NA
TILJAP,D,74.131,2.399,7.943,NA
BETMAX,D,72.444,NA,8.511,NA
BETPLA,D,72.444,3.396,9.55,NA
ALNHIR,D,77.625,3.199,11.22,NA
TILMAX,D,81.283,NA,7.079,NA
ULMDAV,D,83.176,3.199,7.244,NA
PRUSAR,D,85.114,NA,7.943,NA
SORALN,D,85.114,NA,8.128,NA
MAGOBO,D,81.283,NA,8.71,NA
ALNJAP,D,81.283,NA,10.233,NA
BETERM,D,81.283,NA,11.482,NA
FAGCRE,D,95.499,NA,5.495,NA
QUEMON,D,91.201,NA,6.761,NA
ULMLAC,D,95.499,NA,7.943,NA
BETDAV,D,95.499,NA,9.12,NA
SALHUL,D,102.329,NA,7.244,NA
POPMAX,D,102.329,NA,12.882,NA
NOTMEN,NA,151.356,1.34,NA,NA
GRILIT,NA,107.152,1.047,NA,NA
GAUANT,NA,112.202,0.914,NA,NA
RANHIR,NA,60.256,1.4,NA,NA
ACHMIL,NA,48.978,2.286,NA,NA
ALNINC,D,72.444,3.214,NA,NA
ANDPOL,E,128.825,1.552,NA,NA
ANGSYL,NA,30.2,2.972,NA,NA
ANTSYL,NA,23.442,2.371,NA,NA
ARCALP,D,85.114,1.439,NA,NA
ASTALP,D,40.738,3.926,NA,NA
ASTFRI,D,46.774,5.058,NA,NA
BARALP,D,72.444,2.63,NA,NA
BETNAN,D,81.283,2.239,NA,NA
BETPUB,D,69.183,2.761,8.318,NA
CALLAP,NA,38.905,1.758,NA,NA
CALPAL,NA,23.988,3.573,NA,NA
CARCAP,NA,75.858,1.706,NA,NA
CARROS,NA,69.183,2.415,NA,NA
CARVAG,NA,61.66,1.932,NA,NA
CASTET,E,NA,0.849,NA,NA
CHAANG,NA,66.069,2.951,NA,NA
CORSUE,NA,32.359,2.065,NA,NA
DESCES,NA,54.954,1.862,NA,NA
DIPCOM,E,NA,0.804,NA,NA
DROROT,NA,25.119,1.199,1.148,NA
DRYOCT,E,93.325,2.023,NA,NA
ELYREP,NA,41.687,2.443,NA,NA
EMPHER,E,177.828,0.78,NA,NA
EMPNIG,E,87.096,1.197,3.467,NA
EQUSYL,NA,40.738,2.307,NA,NA
ERIANG,NA,75.858,2.564,NA,NA
EUPFRI,NA,30.903,5.37,NA,NA
FILULM,NA,35.481,2.78,NA,NA
GERSYL,NA,45.709,2.723,NA,NA
GYMDRY,NA,28.184,1.648,NA,NA
JUNARC,NA,229.087,2.234,NA,NA
JUNCOM,E,165.959,1.146,NA,NA
LATPRA,NA,33.884,4.864,NA,NA
LOIPRO,E,251.189,0.71,NA,NA
LYCANN,E,NA,0.859,NA,NA
MATSTR,NA,37.154,3.289,NA,NA
MELSYL,NA,31.623,1.862,NA,NA
ORTSEC,NA,56.234,1.875,NA,NA
PEDLAP,D,61.66,3.076,NA,NA
PEDSCE,NA,64.565,1.858,NA,NA
PHYCAE,E,120.226,0.83,NA,NA
PICABI,E,301.995,1.324,NA,NA
PINVUL,NA,16.596,1.585,1,NA
PINSYL,E,301.995,0.944,NA,NA
POLVIV,NA,69.183,3.162,NA,NA
POPTRE,D,77.625,2.506,NA,NA
RHIMIN,NA,66.069,3.548,NA,NA
RHOROS,NA,33.884,3.119,NA,NA
RHOLAP,E,134.896,1.667,NA,NA
RIBSPI,D,33.113,2.944,NA,NA
RUBCHA,NA,81.283,1.884,NA,NA
RUBSAX,NA,30.2,2.286,NA,NA
RUMOBT,NA,39.811,3.334,NA,NA
SALLAP,D,85.114,2.449,NA,NA
SALMYR,D,117.49,1.722,NA,NA
SALRET,D,125.893,1.69,NA,NA
SOLVIR,NA,36.308,2.864,NA,NA
SORAUC,D,63.096,1.936,NA,NA
TANVUL,NA,48.978,2.649,NA,NA
TRIPRA,NA,25.704,4.721,NA,NA
VACMYR,D,53.703,1.897,5.012,NA
VACULI,D,77.625,1.986,6.607,NA
VACVIT,E,158.489,0.964,5.37,NA
VICCRA,NA,27.542,5.433,NA,NA
ARCALP,D,95.499,1.862,NA,NA
ASTALP,D,45.709,5.623,NA,NA
ASTFRI,D,46.774,5.572,NA,NA
BARALP,D,79.433,2.46,NA,NA
BETNAN,D,81.283,3.155,NA,NA
CARSAX,NA,61.66,2.897,NA,NA
CASTET,E,134.896,1.361,NA,NA
DIALAP,E,158.489,1.355,NA,NA
DRYOCT,E,114.815,2.042,NA,NA
EMPHER,E,154.882,0.966,NA,NA
JUNTRI,NA,57.544,3.228,NA,NA
LOIPRO,E,229.087,1.054,NA,NA
LUZMUL,NA,33.884,2.296,NA,NA
OXYDIG,D,61.66,3.508,NA,NA
PEDHIR,NA,48.978,2.767,NA,NA
PEDLAP,D,91.201,2.301,NA,NA
PHLALP,NA,41.687,3.155,NA,NA
PHYCAE,E,128.825,1.104,NA,NA
POLVIV,NA,87.096,3.715,NA,NA
POTCRA,D,81.283,2.679,NA,NA
RANNIV,D,50.119,3.048,NA,NA
RHOLAP,E,158.489,1.871,NA,NA
RUBCHA,NA,79.433,2.6,NA,NA
SALHER,D,81.283,2.673,NA,NA
SALMYR,D,95.499,2.477,NA,NA
SALPOL,D,83.176,2.483,NA,NA
SALRET,D,109.648,2.27,NA,NA
SIBPRO,D,63.096,2.891,NA,NA
TROEUR,NA,36.308,2.5,NA,NA
VACMYR,D,72.444,1.629,NA,NA
VACULI,D,79.433,2.5,NA,NA
VACVIT,E,245.471,0.971,NA,NA
VERALP,NA,36.308,3.097,NA,NA
CASTET,E,NA,1.191,NA,NA
DRYOCT,E,117.49,2.35,NA,NA
OXYDIG,D,70.795,4.246,NA,NA
POLVIV,NA,79.433,4.009,NA,NA
SALPOL,D,74.131,3.864,NA,NA
RUBCOR,D,70.795,1.841,12.882,NA
PRUSPI,D,89.125,2.118,10.471,NA
CRAX M,D,109.648,2.042,10,NA
ACECAM,D,95.499,1.941,9.55,NA
RIBUVA,D,64.565,2.061,10,NA
AEGMAR,D,114.815,1.932,NA,NA
AMOROH,E,40.738,1.811,NA,NA
ANNSQU,E,54.954,3.17,NA,NA
ANTCAD,E,114.815,1.75,NA,NA
ARTHET,E,104.713,2.618,NA,NA
ARTLAK,D,91.201,1.991,NA,NA
AZAIND,D,79.433,3.048,NA,NA
BAMBAM,D,61.66,2.301,NA,NA
BAUVAR,D,75.858,3.013,NA,NA
BOMCEI,D,114.815,1.6,NA,NA
BOUSPE,E,67.608,2.729,NA,NA
CARCAR,E,89.125,1.169,NA,NA
CASFIS,D,66.069,2.198,NA,NA
CORDIC,D,114.815,2.118,NA,NA
CRECUJ,E,67.608,2,NA,NA
DALSIS,D,120.226,2.089,NA,NA
DILIND,E,91.201,1.361,NA,NA
DIOEMB,E,102.329,1.629,NA,NA
EUCGLO,E,144.544,1.271,NA,NA
FICBEN,E,125.893,1.291,NA,NA
FICCAR,D,85.114,3.162,NA,NA
FICREL,D,109.648,1.479,NA,NA
FICRUM,D,79.433,1.549,NA,NA
GARJAS,E,81.283,1.521,NA,NA
GREASI,D,102.329,1.73,NA,NA
HAMPAT,E,66.069,3.342,NA,NA
HIBROS,E,46.774,2.239,NA,NA
HOLINT,D,63.096,2.748,NA,NA
IXOALB,E,83.176,2.198,NA,NA
IXOCOC,E,102.329,1.39,NA,NA
KIGPIN,D,109.648,1.69,NA,NA
LAGSPE,D,87.096,2.028,NA,NA
LITCHI,E,128.825,1.419,NA,NA
MADIND,D,112.202,1.77,NA,NA
MAGGRA,E,154.882,1.34,NA,NA
MALPHI,E,57.544,2.489,NA,NA
MANIND,E,134.896,1.679,NA,NA
MIMELE,E,125.893,1.671,NA,NA
MIMHEX,E,123.027,1.622,NA,NA
MITPAR,D,91.201,1.959,NA,NA
MORALB,D,67.608,2.028,NA,NA
NYCARB,D,97.724,1.698,NA,NA
POLLON,E,64.565,2.118,NA,NA
POLPEN,E,72.444,2.529,NA,NA
PONPIN,D,60.256,2.793,NA,NA
POPDEL,D,102.329,2.41,NA,NA
PSIGUA,E,91.201,1.73,NA,NA
PTEACE,E,95.499,1.429,NA,NA
QUIIND,E,40.738,2.911,NA,NA
SAPMYK,D,52.481,3.013,NA,NA
SARIND,E,89.125,2.042,NA,NA
SCHOLE,D,81.283,1.791,NA,NA
SEMANA,D,67.608,1.828,NA,NA
SPACOM,E,104.713,1.932,NA,NA
SPOMAN,D,77.625,1.762,NA,NA
STEALA,D,87.096,2.28,NA,NA
STECOL,D,89.125,1.648,NA,NA
STRNUX,D,79.433,2.618,NA,NA
SWIMAH,D,85.114,1.521,NA,NA
SYZJAM,E,114.815,1.349,NA,NA
TABCOR,E,54.954,4.111,NA,NA
TECGRA,D,134.896,1.5,NA,NA
TERARJ,D,131.826,1.459,NA,NA
TERBEL,D,158.489,0.859,NA,NA
TERCHE,D,74.131,1.941,NA,NA
THEPAR,E,72.444,1.919,NA,NA
WOOFRU,E,109.648,1.33,NA,NA
ZIZJUJ,D,131.826,1.762,NA,NA
ADICOR,D,123.027,2.089,NA,NA
ANOLAT,D,144.544,1.439,NA,NA
BAURAC,D,81.283,2.472,NA,NA
BOSSER,D,125.893,1.321,NA,NA
BRIRET,D,87.096,1.95,NA,NA
BUCLAN,D,114.815,1.991,NA,NA
BUTMON,D,141.254,2.541,NA,NA
DIOMEL,D,120.226,1.469,NA,NA
FICRAC,E,91.201,2.099,NA,NA
GARLAT,D,87.096,1.698,NA,NA
HARBIN,D,120.226,2.018,NA,NA
LAGPAR,D,128.825,1.349,NA,NA
LANCOR,D,81.283,1.622,NA,NA
MILTOM,D,85.114,2.27,NA,NA
PTEMAR,D,114.815,2.477,NA,NA
SHOROB,E,97.724,1.968,NA,NA
SOYFEB,D,134.896,1.409,NA,NA
SYZCUM,E,134.896,2.009,NA,NA
TERALA,D,107.152,1.469,NA,NA
WRITOM,D,66.069,2.312,NA,NA
XERULI,D,83.176,1.56,NA,NA
ZIZGLA,D,100,2.188,NA,NA
ACHMIL,NA,85.114,1.837,13.804,15.13561248436208
AGRREP,NA,54.954,1.782,8.71,15.848931924611133
AMOCAN,NA,64.565,2.377,14.791,17.378008287493753
ANDGER,NA,48.978,1.683,14.454,17.378008287493753
ANECYL,NA,61.66,1.871,8.128,13.182567385564074
BROINE,NA,56.234,1.592,8.71,13.489628825916533
KOECRI,NA,93.325,1.517,12.023,12.302687708123818
LESCAP,NA,63.096,2.831,13.183,26.302679918953814
LUPPER,NA,53.703,3.273,15.488,NA
PETVIL,NA,85.114,2.254,22.387,20.892961308540396
SCHSCO,NA,47.863,1.503,14.454,15.13561248436208
SOLRIG,NA,93.325,1.493,14.791,12.02264434617413
SORNUT,NA,54.954,1.968,14.791,16.982436524617444
AEXPUN,E,125.893,0.959,NA,NA
AMOLUM,E,141.254,1.009,NA,NA
ARAARA,E,316.228,0.579,NA,NA
DRIWIN,E,177.828,0.871,NA,NA
EMBCOC,E,102.329,1.742,NA,NA
EUCCOR,E,123.027,0.991,NA,NA
LAUPHI,E,134.896,1.56,NA,NA
MYRPLA,E,109.648,1.14,NA,NA
NOTBET,E,165.959,1.191,NA,NA
NOTNIT,E,151.356,1.159,NA,NA
OVIPIL,E,97.724,2.138,NA,NA
PODNUB,E,204.174,0.92,NA,NA
PODSAL,E,177.828,0.929,NA,NA
SAXCON,E,131.826,1.069,NA,NA
WEITRI,E,147.911,0.899,NA,NA
CRYALB,E,144.544,0.849,10.233,9.33254300796991
DRIWIN,E,138.038,1.079,8.71,10.232929922807541
EUCCOR,E,134.896,0.8,11.22,5.1286138399136485
LUMAPI,E,162.181,1.14,10.233,9.772372209558107
NOTDOM,E,123.027,1.73,11.482,8.912509381337454
PODSAL,E,165.959,0.979,6.166,5.88843655355589
AUSCHI,E,194.984,1.089,7.586,6.165950018614822
LOMHIR,E,123.027,0.839,8.913,8.128305161640993
PERLIN,E,104.713,1.009,8.128,4.36515832240166
PODSAL,E,169.824,1.099,6.166,4.677351412871983
PRUAND,E,147.911,0.929,5.623,4.073802778041127
AEXPUN,E,134.896,0.979,5.623,3.715352290971725
DASDIA,E,131.826,1.211,9.55,7.762471166286917
DRIWIN,E,181.97,0.61,7.943,9.33254300796991
EMBCOC,E,102.329,1.521,14.125,15.848931924611133
EUCCOR,E,131.826,1,10,5.88843655355589
GEVAVE,E,154.882,0.8,8.913,6.456542290346556
LAUPHI,E,162.181,1.449,6.457,6.165950018614822
LUMAPI,E,138.038,1.099,8.128,9.33254300796991
MYRPLA,E,131.826,1,6.166,5.248074602497725
NOTDOM,E,134.896,1.291,10.965,11.481536214968829
PODNUB,E,199.526,0.75,7.943,4.265795188015927
SAXCON,E,128.825,0.809,5.754,4.786300923226384
ANDINE,E,NA,NA,9.55,NA
CASGRA,E,NA,NA,5.012,NA
LICARB,E,NA,NA,7.943,NA
PITSAM,E,NA,NA,10.471,NA
PSIGUA,E,NA,NA,6.31,NA
SIMGLA,E,NA,NA,8.318,NA
JACPUN,D,NA,NA,12.882,NA
AMBPSI,NA,NA,NA,18.621,NA
AMOCAN,NA,NA,NA,9.55,NA
ANDGER,NA,NA,NA,18.197,NA
ARTLUD,NA,NA,NA,12.303,NA
ASCVIR,NA,NA,NA,19.953,NA
ASCVIR,NA,NA,NA,15.849,NA
ASTOBL,NA,NA,NA,14.791,NA
CALINV,NA,NA,NA,16.218,NA
CEAHER,NA,NA,NA,14.454,NA
DICOLI,NA,NA,NA,13.804,NA
ECHANG,NA,NA,NA,18.197,NA
KUHEUP,NA,NA,NA,15.136,NA
LESCAP,NA,NA,NA,13.183,NA
PANVIR,NA,NA,NA,23.442,NA
PHYPUM,NA,NA,NA,12.303,NA
POAPRA,NA,NA,NA,9.333,NA
PSOTEN,NA,NA,NA,18.621,NA
RHUGLA,NA,NA,NA,15.136,NA
ROSARK,NA,NA,NA,9.55,NA
RUEHUM,NA,NA,NA,8.71,NA
SALPIT,NA,NA,NA,17.783,NA
SCHSCO,NA,NA,NA,18.197,NA
SOLMIS,NA,NA,NA,14.454,NA
SORNUT,NA,NA,NA,20.417,NA
SPOHET,NA,NA,NA,15.849,NA
SYMORB,NA,NA,NA,7.943,NA
VERBAL,NA,NA,NA,13.183,NA
QUEROT,E,239.883,1.371,11.22,NA
QUESUB,E,199.526,1.95,14.125,NA
QUEFAG,D,141.254,2.382,14.791,NA
QUEPYR,D,123.027,2.742,16.596,NA
CRAMON,D,120.226,1.959,12.882,NA
PYRBOU,D,134.896,2.208,14.454,NA
CELAFR,D,117.49,2.692,NA,NA
CORCAF,NA,81.283,3.548,NA,NA
EKECAP,NA,107.152,3.75,NA,NA
ERYCAF,NA,60.256,5.957,NA,NA
HYPAMO,NA,89.125,3.491,NA,NA
ISOCIL,NA,36.308,4.581,NA,NA
PODELO,NA,275.423,1.531,NA,NA
TECNAT,NA,75.858,3.707,NA,NA
VEPUND,NA,104.713,3.083,NA,NA
ZANCAP,NA,107.152,2.594,NA,NA
CALCAP,NA,45.709,4.539,NA,NA
CELAFR,D,70.795,4.688,NA,NA
CURDEN,NA,104.713,1.459,NA,NA
EKECAP,NA,141.254,1.56,NA,NA
KIGAFR,NA,60.256,4.898,NA,NA
OLECAP,NA,165.959,1.135,NA,NA
PODFAL,NA,199.526,1.233,NA,NA
PODLAT,NA,309.03,1.059,NA,NA
RAPMEL,NA,269.153,1.611,NA,NA
RHUCHI,NA,100,2.698,NA,NA
SCOMUN,NA,123.027,1.442,NA,NA
TRIELL,NA,162.181,1.387,NA,NA
VEPUND,NA,69.183,2.57,NA,NA
XYMMON,NA,79.433,2.208,NA,NA
ACAROB,NA,138.038,NA,NA,NA
ADPDIM,NA,151.356,2.317,NA,NA
ALBADI,NA,95.499,3.802,NA,NA
BALMAU,NA,125.893,3.926,NA,NA
BEQNAT,NA,141.254,2.559,NA,NA
CELAFR,D,50.119,3.673,NA,NA
CHAARI,D,109.648,3.083,NA,NA
DALARM,NA,93.325,4.764,NA,NA
DIONAT,NA,114.815,1.884,NA,NA
HYMULM,NA,112.202,2.109,NA,NA
MIMOBO,NA,97.724,2.5,NA,NA
MONCAF,NA,63.096,3.784,NA,NA
OCHNAT,NA,109.648,NA,NA,NA
PANGOL,NA,104.713,2.046,NA,NA
PSYCAP,NA,67.608,NA,NA,NA
RHOTOM,NA,58.884,3.214,NA,NA
ROTGLO,NA,64.565,3.17,NA,NA
STRDEC,NA,95.499,2.438,NA,NA
STRGER,NA,97.724,1.698,NA,NA
VEPUND,NA,104.713,3.499,NA,NA
DIOWHY,NA,125.893,1.862,NA,NA
HARSCH,NA,204.174,1.34,NA,NA
MAYACU,NA,154.882,1.596,NA,NA
MAYOLE,E,199.526,1.303,NA,NA
OLEEUR,NA,218.776,1.888,NA,NA
OLIVEN,NA,123.027,2.924,NA,NA
PODELO,NA,301.995,1.183,NA,NA
BRASTE,NA,251.189,0.863,NA,NA
BRANER,NA,141.254,NA,NA,NA
CUNCAP,NA,181.97,NA,NA,NA
FRELAN,NA,275.423,NA,NA,NA
ILEMIT,NA,158.489,2.153,NA,NA
KIGAFR,NA,100,2.495,NA,NA
RAPMEL,NA,131.826,1.862,NA,NA
RHUTOM,E,162.181,NA,NA,NA
APODIM,NA,158.489,1.923,NA,NA
CURDEN,NA,107.152,1.493,NA,NA
FAUMAC,NA,97.724,1.914,NA,NA
OCOBUL,NA,117.49,2.388,NA,NA
OLECAP,NA,147.911,1.282,NA,NA
OLIVEN,NA,81.283,2.877,NA,NA
PODFAL,NA,190.546,1.455,NA,NA
PODLAT,NA,218.776,1.211,NA,NA
RAPMEL,NA,109.648,1.581,NA,NA
TRICRI,NA,128.825,1.377,NA,NA
ACAKAR,NA,100,4.036,NA,NA
CELAFR,D,89.125,3.251,NA,NA
CHAARI,D,56.234,4.721,NA,NA
CHIPEG,NA,112.202,1.972,NA,NA
CLAANI,NA,89.125,2.897,NA,NA
DIOINH,NA,102.329,NA,NA,NA
DIONAT,NA,128.825,1.567,NA,NA
DOVLON,NA,117.49,2.999,NA,NA
DRYNAT,NA,120.226,2.489,NA,NA
EUGWOO,NA,138.038,1.95,NA,NA
INHHEN,NA,97.724,2.286,NA,NA
SIDINE,NA,141.254,NA,NA,NA
STRHEN,NA,117.49,1.795,NA,NA
TECGER,NA,83.176,3.556,NA,NA
TREORI,NA,95.499,3.491,NA,NA
ZIZMUC,NA,141.254,2.051,NA,NA
CLAKIR,NA,64.565,5.902,NA,NA
CLESCH,NA,104.713,2.123,NA,NA
COLGRE,NA,89.125,2.649,NA,NA
COMFRU,NA,87.096,3.034,NA,NA
CROSTE,NA,77.625,5.176,NA,NA
DIASCH,NA,85.114,3.281,NA,NA
DRYARG,NA,114.815,NA,NA,NA
ERYLAS,NA,69.183,4.864,NA,NA
NEWHIL,NA,134.896,NA,NA,NA
PTEMYR,NA,107.152,2.249,NA,NA
SALLEP,NA,93.325,2.286,NA,NA
STRDEC,NA,NA,3.334,NA,NA
SURZAN,NA,158.489,2.6,NA,NA
WRINAT,D,48.978,4.699,NA,NA
BUXMAC,NA,181.97,3.524,NA,NA
CUSSPI,NA,117.49,1.618,NA,NA
EKECAP,NA,158.489,1.089,NA,NA
HARCAF,NA,208.93,1.074,NA,NA
HIPPAU,NA,114.815,2.089,NA,NA
HYPVER,NA,100,1.901,NA,NA
ISOCIL,NA,52.481,4.325,NA,NA
OLECAP,NA,204.174,1.377,NA,NA
OLEEUR,NA,190.546,1.062,NA,NA
OLEWOO,NA,158.489,1.355,NA,NA
PODFAL,NA,251.189,1.019,NA,NA
PTAOBL,NA,85.114,2.466,NA,NA
SCOZEY,NA,177.828,1.824,NA,NA
SIDINE,NA,190.546,1.862,NA,NA
TECNAT,NA,58.884,3.972,NA,NA
TRIELL,NA,165.959,1.455,NA,NA
UMTLIS,NA,87.096,2.985,NA,NA
VEPUND,NA,63.096,3.75,NA,NA
ZANCAP,NA,87.096,2.673,NA,NA
CASSIE,E,154.882,1.799,15.849,4.466835921509632
QUEMYR,E,134.896,2.099,14.125,8.912509381337454
MACTHU,E,125.893,1.6,12.882,5.623413251903491
NEOSER,E,120.226,1.698,7.943,3.311311214825911
ABRVIL,NA,70.795,5,31.623,NA
MALROT,NA,69.183,4.385,32.359,NA
GERCAN,NA,66.069,5.395,29.512,NA
CAMCLA,NA,77.625,3.54,31.623,NA
CAMBRE,NA,74.131,2.729,26.303,NA
ABUTHE,NA,39.811,3.926,13.804,NA
AMBTRI,NA,54.954,4.406,21.878,NA
CHEALB,NA,66.069,3.811,22.387,NA
POLPEN,NA,58.884,2.767,16.218,NA
PROREP,E,234.423,1.371,12.589,4.265795188015927
PRONER,E,223.872,1.089,7.943,2.2387211385683394
PRONIT,E,251.189,1.03,6.918,3.1622776601683795
PROACA,E,173.78,1.25,4.786,4.570881896148751
MAYOLE,E,181.97,1.309,7.244,3.890451449942806
RHUTOM,E,190.546,1.199,7.413,NA
CALINO,E,48.978,1.73,3.388,NA
PLEPRU,E,42.658,1.521,6.166,NA
PSYFUR,E,43.652,2.099,3.631,NA
PSYMAR,E,79.433,1.349,6.026,NA
PSYLIM,E,60.256,1.5,4.467,NA
BERTRI,E,162.181,1.3,NA,NA
CONHOO,E,69.183,2.399,NA,NA
DIOTEX,D,74.131,2.099,NA,NA
PROGLA,D,93.325,2.799,NA,NA
ZANFAG,E,77.625,2.301,NA,NA
ZIZOBT,D,141.254,NA,NA,NA
ACEPLA,D,47.863,NA,NA,NA
ALNGLU,D,77.625,NA,NA,NA
ALNINC,D,67.608,NA,NA,NA
AMESPI,D,51.286,NA,NA,NA
ANDPOL,E,131.826,NA,NA,NA
AROMEL,D,107.152,NA,NA,NA
BERVUL,D,75.858,NA,NA,NA
BETHUM,D,81.283,NA,NA,NA
BETNAN,D,107.152,NA,NA,NA
BETPEN,D,75.858,NA,NA,NA
BETPUB,D,63.096,NA,NA,NA
CERVUL,D,26.915,NA,NA,NA
CHACAL,D,102.329,NA,NA,NA
CORAVE,D,37.154,NA,NA,NA
COTINT,D,53.703,NA,NA,NA
CRACUR,D,87.096,NA,NA,NA
CRAMON,D,109.648,NA,NA,NA
DAPMEZ,D,30.903,NA,NA,NA
EUOEUR,D,51.286,NA,NA,NA
FRAALN,D,26.303,NA,NA,NA
FRAEXC,D,83.176,NA,NA,NA
GROREC,D,28.84,NA,NA,NA
JUNCOM,E,95.499,NA,NA,NA
LEDPAL,E,72.444,NA,NA,NA
LONBAL,D,74.131,NA,NA,NA
LONXYL,D,39.811,NA,NA,NA
MALDOM,D,38.905,NA,NA,NA
MALSYL,D,51.286,NA,NA,NA
MYRGAL,D,97.724,NA,NA,NA
PADAVI,D,38.905,NA,NA,NA
PENFRU,D,48.978,NA,NA,NA
PHYOPU,D,40.738,NA,NA,NA
POPTRE,D,87.096,NA,NA,NA
PRUSPI,D,57.544,NA,NA,NA
PYRPYR,D,89.125,NA,NA,NA
QUEROB,D,60.256,NA,NA,NA
RHACAT,D,64.565,NA,NA,NA
RIBALP,D,63.096,NA,NA,NA
RIBNIG,D,57.544,NA,NA,NA
RIBRUB,D,30.2,NA,NA,NA
RIBSPI,D,26.303,NA,NA,NA
ROSCAE,D,83.176,NA,NA,NA
ROSCAN,D,93.325,NA,NA,NA
ROSCIE,D,107.152,NA,NA,NA
ROSDUM,D,89.125,NA,NA,NA
ROSGLA,D,91.201,NA,NA,NA
ROSMAJ,D,51.286,NA,NA,NA
ROSMOL,D,77.625,NA,NA,NA
ROSRUG,D,120.226,NA,NA,NA
ROSSPI,D,72.444,NA,NA,NA
ROSSUB,D,104.713,NA,NA,NA
RUBIDA,D,37.154,NA,NA,NA
SALACU,D,57.544,NA,NA,NA
SALALB,D,100,NA,NA,NA
SALALB,D,77.625,NA,NA,NA
SALAUR,D,83.176,NA,NA,NA
SALAUR,D,97.724,NA,NA,NA
SALCAP,D,60.256,NA,NA,NA
SALCIN,D,100,NA,NA,NA
SALDAP,D,93.325,NA,NA,NA
SALDAS,D,93.325,NA,NA,NA
SALDAS,D,112.202,NA,NA,NA
SALFRA,D,114.815,NA,NA,NA
SALLAP,D,102.329,NA,NA,NA
SALMYR,D,75.858,NA,NA,NA
SALMYR,D,66.069,NA,NA,NA
SALPEN,D,69.183,NA,NA,NA
SALPHY,D,97.724,NA,NA,NA
SALPUR,D,104.713,NA,NA,NA
SALROS,D,104.713,NA,NA,NA
SALSTA,D,85.114,NA,NA,NA
SALTRI,D,83.176,NA,NA,NA
SALVIM,D,75.858,NA,NA,NA
SAMNIG,D,54.954,NA,NA,NA
SAMRAC,D,47.863,NA,NA,NA
SORSOR,D,40.738,NA,NA,NA
SORARI,D,85.114,NA,NA,NA
SORAUC,D,66.069,NA,NA,NA
SORINT,D,83.176,NA,NA,NA
SWISAN,D,46.774,NA,NA,NA
SYRVUL,D,64.565,NA,NA,NA
TAXBAC,E,77.625,NA,NA,NA
TILCOR,D,25.704,NA,NA,NA
ULMGLA,D,38.905,NA,NA,NA
ULMLAE,D,52.481,NA,NA,NA
VACMYR,D,39.811,NA,NA,NA
VACULI,D,57.544,NA,NA,NA
VIBOPU,D,57.544,NA,NA,NA
POPTRE,D,102.329,2.148,NA,NA
FRAEXC,D,79.433,1.82,NA,NA
CORAVE,D,53.703,2.051,NA,NA
TILCOR,D,75.858,2.382,NA,NA
CASSIE,E,NA,NA,NA,NA
QUESAL,E,NA,NA,NA,NA
QUEACU,E,NA,NA,NA,NA
MACTHU,E,NA,NA,NA,NA
NEOSER,E,NA,NA,NA,NA
CINJAP,E,NA,NA,NA,NA
MYRSEG,E,NA,NA,NA,NA
SYMPRU,E,NA,NA,NA,NA
ILLANI,E,NA,NA,NA,NA
CLEJAP,E,NA,NA,NA,NA
EURJAP,E,NA,NA,NA,NA
ASTGRA,D,58.884,2.642,NA,NA
BAUMEG,D,29.512,3.126,NA,NA
BURSIM,D,50.119,2.704,NA,NA
CAPFLE,E,89.125,3.296,NA,NA
ERYCUM,D,66.069,3.112,NA,NA
ERYDEN,NA,75.858,2.63,NA,NA
ERYORI,D,48.978,2.831,NA,NA
EUGCAS,E,64.565,2.884,NA,NA
SAPSAP,D,51.286,2.831,NA,NA
TABCHR,D,44.668,2.844,NA,NA
CHISP1,E,107.152,1.641,NA,NA
DIPMAL,E,107.152,2.312,NA,NA
DIPSUB,E,134.896,1.629,NA,NA
ELATAP,E,114.815,1.69,NA,NA
EUGRUG,E,158.489,1.18,NA,NA
GANSP1,E,199.526,1.406,NA,NA
HOMDIC,E,81.283,1.884,NA,NA
MACLOW,E,79.433,1.549,NA,NA
MANFOE,E,141.254,1.225,NA,NA
MONMAR,E,66.069,3.589,NA,NA
PTYCAP,E,125.893,1.698,NA,NA
XANSTI,E,123.027,2.009,NA,NA
APOBRA,E,79.433,NA,2.291,NA
APOLUN,E,123.027,NA,3.89,NA
APOMIC,E,45.709,NA,1.445,NA
BACPAR,E,87.096,NA,2.344,NA
BACRAC,E,125.893,NA,2.754,NA
BACRET,E,114.815,NA,3.388,NA
DIOCAU,E,74.131,NA,4.169,NA
DIOMAI,E,194.984,NA,5.623,NA
DIONUT,E,107.152,NA,2.399,NA
GARBAN,E,158.489,NA,5.37,NA
GARMAL,E,123.027,NA,2.455,NA
GARSMA,E,75.858,NA,2.399,NA
CIRARV,NA,63.096,NA,NA,NA
EPILIR,NA,50.119,NA,NA,NA
PHRAUS,NA,54.954,NA,NA,NA
URTDIO,NA,42.658,NA,NA,NA
AGRTEN,NA,39.811,NA,NA,NA
ANTODO,NA,33.113,NA,NA,NA
HOLLAN,NA,26.303,NA,NA,NA
LEOAUT,NA,30.903,NA,NA,NA
RANREP,NA,43.652,NA,NA,NA
CARLAS,NA,91.201,NA,NA,NA
CARNIG,NA,58.884,NA,NA,NA
JUNSUB,NA,131.826,NA,NA,NA
MENTRI,NA,42.658,NA,NA,NA
POTPAL,NA,64.565,NA,NA,NA
CIRVUL,NA,51.286,NA,NA,NA
EUPCAN,NA,34.674,NA,NA,NA
GALAPA,NA,20.893,NA,NA,NA
PHRAUS,NA,42.658,NA,NA,NA
URTDIO,NA,35.481,NA,NA,NA
BRAPIN,NA,45.709,NA,NA,NA
CARFLA,NA,66.069,NA,NA,NA
CENJAC,NA,53.703,NA,NA,NA
DACMAC,NA,45.709,NA,NA,NA
LEOHIS,NA,37.154,NA,NA,NA
ONOREP,NA,43.652,NA,NA,NA
PLALAN,D,46.774,NA,NA,NA
CALVUL,E,125.893,NA,NA,NA
CARPIL,NA,47.863,NA,NA,NA
DESFLE,NA,57.544,NA,NA,NA
GENANG,NA,64.565,NA,NA,NA
MOLCAE,NA,43.652,NA,NA,NA
RUMACE,NA,40.738,NA,NA,NA
CENJAC,NA,60.256,NA,NA,NA
FESRUB,NA,77.625,NA,NA,NA
LEUVUL,NA,69.183,NA,NA,NA
PLALAN,D,51.286,NA,NA,NA
TRIPRA,NA,43.652,NA,NA,NA
UNICOM,NA,54.954,NA,NA,NA
CARPAN,NA,43.652,NA,NA,NA
CIRDIS,NA,61.66,NA,NA,NA
ERITET,NA,125.893,NA,NA,NA
MOLCAE,NA,46.774,NA,NA,NA
SALREP,NA,70.795,NA,NA,NA
SUCPRA,NA,61.66,NA,NA,NA
VIOPAL,NA,28.84,NA,NA,NA
AEGLHO,NA,120.226,2.673,9.333,NA
ANNCOR,NA,147.911,2.089,9.333,NA
ASPTOM,NA,141.254,1.03,10.233,NA
BAUHOL,NA,144.544,2.421,10.471,NA
BOWVIR,NA,169.824,2.371,9.12,NA
CAMARO,NA,147.911,1.479,10.471,NA
CARBRA,NA,117.49,1.888,9.333,NA
CONSUB,NA,147.911,1.542,12.303,NA
DAVRUG,NA,165.959,1.4,10.233,NA
DIDVIN,NA,147.911,1.82,17.783,NA
DUGFUR,NA,165.959,1.888,9.772,NA
GOCFLO,NA,169.824,1.611,16.218,NA
KIECOR,NA,204.174,1.089,10.471,NA
MICALB,NA,151.356,1.459,12.882,NA
MICLIG,NA,131.826,1.542,14.125,NA
PIPROT,NA,158.489,1.968,12.303,NA
QUADIC,NA,144.544,1.51,10.965,NA
STYCAM,NA,208.93,1.641,8.128,NA
TIBSTE,NA,134.896,1.611,19.953,NA
TOCFOR,NA,158.489,1.862,6.457,NA
CALINT,E,223.872,1.109,7.762,NA
COCFRA,D,60.256,1.762,9.333,NA
CORFOE,E,223.872,0.78,12.882,NA
MELVIR,E,234.423,0.769,14.125,NA
PLACAR,D,100,1.6,10.233,NA
SYZEUC,E,125.893,1.159,8.318,NA
TERFER,D,120.226,1.521,12.882,NA
XANPAR,E,138.038,1.151,11.749,NA
BRAMEG,D,97.724,2.018,10.715,NA
BUCOBO,E,162.181,1.151,10.715,NA
ERYCHL,E,100,2.28,10.965,NA
EUCTET,E,181.97,0.71,11.22,NA
PLACAR,D,83.176,1.82,10.715,NA
SYZSUB,E,138.038,1.199,11.22,NA
TERFER,D,100,1.51,9.333,NA
EUCCLA,E,141.254,1.04,12.023,NA
EUCMIN,E,123.027,1.698,16.596,NA
ACAAUR,E,104.713,2.477,14.454,NA
LOPLAC,E,120.226,0.959,8.318,NA
MELVIR,E,229.087,0.61,14.125,NA
FICRAC,E,66.069,2.41,16.218,NA
FICSCO,E,83.176,3.013,12.303,NA
MALNES,E,75.858,2.239,13.183,NA
MELLEU,E,147.911,1.05,18.621,NA
TERMIC,D,83.176,2.28,13.183,NA
WRIPUB,D,52.481,3.243,9.55,NA
ACADIA,NA,128.825,NA,NA,NA
ACHSPL,NA,120.226,NA,NA,NA
AJATIB,NA,109.648,NA,NA,NA
ALLPLA,NA,117.49,NA,NA,NA
ALLSP,NA,35.481,NA,NA,NA
ARTLEU,NA,100,NA,NA,NA
ARTPAM,NA,70.795,NA,NA,NA
ARTRHO,NA,87.096,NA,NA,NA
ASTTIB,NA,41.687,NA,NA,NA
CARDIM,NA,51.286,NA,NA,NA
CARORB,NA,81.283,NA,NA,NA
CARPSE,NA,52.481,NA,NA,NA
CHRCRA,NA,114.815,NA,NA,NA
COMSAL,NA,34.674,NA,NA,NA
CORSTR,NA,91.201,NA,NA,NA
DRAHET,NA,69.183,NA,NA,NA
ELYNUT,NA,50.119,NA,NA,NA
EPHREG,NA,75.858,NA,NA,NA
GENKAR,NA,42.658,NA,NA,NA
GENLEU,NA,66.069,NA,NA,NA
GLAMAR,NA,75.858,NA,NA,NA
GYPCAP,NA,117.49,NA,NA,NA
HALSAR,NA,58.884,NA,NA,NA
HEDMIN,NA,48.978,NA,NA,NA
HORTUR,NA,45.709,NA,NA,NA
KNOPAM,NA,117.49,NA,NA,NA
KOBCAP,NA,40.738,NA,NA,NA
KRACER,NA,93.325,NA,NA,NA
LEYPUB,NA,95.499,NA,NA,NA
LIGALP,NA,64.565,NA,NA,NA
LINPTE,NA,61.66,NA,NA,NA
LOMALB,NA,54.954,NA,NA,NA
MACEUC,NA,125.893,NA,NA,NA
MYRSQU,NA,109.648,NA,NA,NA
OXYCHI,NA,36.308,NA,NA,NA
OXYGLO,NA,50.119,NA,NA,NA
PARLAX,NA,52.481,NA,NA,NA
PEDLUD,NA,70.795,NA,NA,NA
PENDRY,NA,87.096,NA,NA,NA
PLAARA,NA,75.858,NA,NA,NA
POTANS,NA,77.625,NA,NA,NA
POTMAL,NA,81.283,NA,NA,NA
POTMOO,NA,128.825,NA,NA,NA
POTMUL,NA,102.329,NA,NA,NA
PRIALG,NA,112.202,NA,NA,NA
PRIPAM,NA,39.811,NA,NA,NA
PYRDJI,NA,104.713,NA,NA,NA
RANKRA,NA,45.709,NA,NA,NA
RANPSE,NA,61.66,NA,NA,NA
SAUSAL,NA,75.858,NA,NA,NA
SCRPAM,NA,74.131,NA,NA,NA
SENKRA,NA,60.256,NA,NA,NA
SERPRO,NA,81.283,NA,NA,NA
SILGRA,NA,52.481,NA,NA,NA
STEWIN,NA,43.652,NA,NA,NA
STIORI,NA,35.481,NA,NA,NA
SUAOLU,NA,181.97,NA,NA,NA
TARDIS,NA,60.256,NA,NA,NA
TARLEU,NA,66.069,NA,NA,NA
VIOTIA,NA,63.096,NA,NA,NA
ZYGROS,NA,162.181,NA,NA,NA
ANDAKB,NA,38.905,NA,NA,NA
BISVIV,NA,81.283,NA,NA,NA
CLETAN,NA,81.283,NA,NA,NA
DRAKOR,NA,29.512,NA,NA,NA
DRAPAM,NA,66.069,NA,NA,NA
DRAPAU,NA,64.565,NA,NA,NA
ERIHET,NA,58.884,NA,NA,NA
ERIPON,NA,69.183,NA,NA,NA
LLOSER,NA,165.959,NA,NA,NA
OXYGLA,NA,69.183,NA,NA,NA
OXYDIG,D,44.668,NA,NA,NA
OXYINC,NA,102.329,NA,NA,NA
PAPINV,NA,72.444,NA,NA,NA
PRIMAC,NA,107.152,NA,NA,NA
RHESPI,NA,117.49,NA,NA,NA
RHOGEL,NA,95.499,NA,NA,NA
RHOPAM,NA,43.652,NA,NA,NA
SAXHIR,NA,87.096,NA,NA,NA
SIBTET,NA,89.125,NA,NA,NA
SMEPEC,NA,40.738,NA,NA,NA
SWEMAR,NA,54.954,NA,NA,NA
VALFED,NA,51.286,NA,NA,NA
CALANT,NA,50.119,NA,NA,NA
CARMEL,NA,60.256,NA,NA,NA
CARSTE,NA,43.652,NA,NA,NA
CHEFOL,NA,66.069,NA,NA,NA
GERHIM,NA,47.863,NA,NA,NA
LEOOCH,NA,79.433,NA,NA,NA
LONSEM,NA,77.625,NA,NA,NA
POTPAM,NA,128.825,NA,NA,NA
RANRUF,NA,54.954,NA,NA,NA
RHOHET,NA,102.329,NA,NA,NA
SOPANN,NA,79.433,NA,NA,NA
IMPNOL,NA,14.454,3.981,NA,NA
CAPBUR,NA,24.547,4.335,NA,NA
LEPRUD,NA,50.119,4.018,NA,NA
THLARV,NA,40.738,4.036,NA,NA
SPEARV,NA,89.125,2.958,NA,NA
STEMED,NA,30.903,3.954,NA,NA
CHEALB,NA,17.378,4.436,NA,NA
FUMOFF,NA,22.909,4.932,NA,NA
EROCIC,NA,18.197,1.968,NA,NA
POLAVI,NA,29.512,4.909,NA,NA
MELPRA,NA,48.978,3.311,NA,NA
SPERUB,NA,81.283,2.71,NA,NA
LEUVUL,NA,30.2,2.188,NA,NA
CAMSIB,NA,85.114,1.71,NA,NA
HYONIG,NA,17.783,5.395,NA,NA
AEGPOD,NA,33.113,4.083,NA,NA
VINHIR,NA,32.359,4.446,NA,NA
ANTDIO,NA,39.811,1.459,NA,NA
ANTTIN,NA,75.858,1.901,NA,NA
ARCTOM,NA,19.953,4.732,NA,NA
ARTABS,NA,23.988,2.208,NA,NA
ARTVUL,NA,33.884,2.328,NA,NA
ASTAME,NA,97.724,2.109,NA,NA
CACHAS,NA,18.621,4.102,NA,NA
CIRARV,NA,38.019,1.941,NA,NA
ECHRIT,D,120.226,1.452,NA,NA
INUHIR,NA,46.774,2.818,NA,NA
TANVUL,NA,42.658,2.404,NA,NA
MYOPAL,NA,25.119,2.178,NA,NA
ONOARE,NA,112.202,2.812,NA,NA
BUNORI,NA,41.687,5.164,NA,NA
DIAACI,NA,70.795,2.118,NA,NA
DIAVER,NA,56.234,2.056,NA,NA
SEDACR,NA,199.526,1.517,NA,NA
SEDPUR,NA,64.565,2.489,NA,NA
KNAARV,NA,38.905,2.148,NA,NA
LATVER,NA,19.953,4.498,NA,NA
LUPPOL,NA,31.623,2.979,NA,NA
ORIVUL,NA,48.978,1.778,NA,NA
TRIPRA,NA,38.905,3.698,NA,NA
TRIREP,NA,35.481,3.622,NA,NA
HERGLA,NA,109.648,2.07,NA,NA
BETOFF,NA,32.359,2.559,NA,NA
GLEHED,NA,21.878,5.236,NA,NA
CHAANG,NA,36.308,3.319,NA,NA
PLAMED,NA,38.019,1.828,NA,NA
POLSIB,NA,69.183,1.849,NA,NA
POLVUL,NA,67.608,2.377,NA,NA
POLBIS,NA,23.988,2.094,NA,NA
RUMACE,NA,67.608,1.679,NA,NA
TRIEUR,NA,22.387,3.631,NA,NA
ADOVER,NA,69.183,2.812,NA,NA
ANESYL,NA,51.286,2.36,NA,NA
AQUVUL,NA,33.884,2.317,NA,NA
CALPAL,NA,28.184,4.285,NA,NA
THASIM,NA,43.652,2.512,NA,NA
TROEUR,NA,42.658,4.169,NA,NA
FILULM,NA,53.703,1.871,NA,NA
FILVUL,NA,46.774,1.901,NA,NA
FRAVES,NA,25.704,2.004,NA,NA
FRAVIR,NA,51.286,1.828,NA,NA
POTERE,NA,32.359,2.228,NA,NA
SANOFF,NA,30.2,1.888,NA,NA
GALBOR,NA,67.608,2.051,NA,NA
GALMOL,NA,25.704,2.944,NA,NA
GALVER,NA,33.884,1.403,NA,NA
CHRALT,NA,18.197,2.377,NA,NA
DIGGRA,NA,33.113,2.158,NA,NA
VERTHA,NA,29.512,2.773,NA,NA
VERCHA,NA,32.359,1.77,NA,NA
VERLON,NA,63.096,1.746,NA,NA
VERSPI,NA,77.625,1.919,NA,NA
VIOCAN,NA,33.113,4.121,NA,NA
VIOMIR,NA,16.982,1.871,NA,NA
ALLRUB,NA,112.202,1.718,NA,NA
ALLSTR,NA,83.176,1.73,NA,NA
CALPAL,NA,33.113,4.121,NA,NA
CONMAJ,NA,23.442,3.819,NA,NA
MAIBIF,NA,25.704,2.489,NA,NA
POLOFF,NA,26.303,2.838,NA,NA
LILMAR,NA,38.905,3.758,NA,NA
NEOCUC,NA,21.878,3.811,NA,NA
PLABIF,NA,35.481,2.63,NA,NA
LINBOR,NA,30.2,1.13,NA,NA
GENTIN,NA,60.256,3.119,NA,NA
MONUNI,NA,57.544,2.042,NA,NA
ORTSEC,NA,85.114,1.489,NA,NA
PYRMED,NA,48.978,1.521,NA,NA
PYRMIN,NA,33.884,1.589,NA,NA
PYRROT,NA,48.978,1.449,NA,NA
VACMYR,D,22.909,2.208,NA,NA
SPAERE,NA,54.954,2.793,NA,NA
TYPLAT,NA,125.893,3.148,NA,NA
ABILAS,E,257.04,1.03,2.951,3.4673685045253166
ACOROS,NA,83.176,2.5,10.715,20.892961308540396
ARCUVA,E,128.825,1.23,4.365,5.248074602497725
BISBIS,NA,83.176,3.899,11.22,28.183829312644534
PICENG,E,309.03,1.03,3.548,3.2359365692962827
PINFLE,E,363.078,1.119,9.772,3.9810717055349722
PSYLEP,NA,79.433,2.897,8.71,15.13561248436208
SALGLA,D,81.283,2.63,10.233,17.78279410038923
SALPLA,NA,81.283,2.673,12.303,24.547089156850298
VACMYR,D,58.884,2.339,6.166,10.715193052376065
ACERUB,D,63.096,1.837,7.762,12.882495516931343
EUPRUG,NA,21.38,3.917,6.918,44.6683592150963
GALAPH,NA,79.433,0.889,4.898,9.772372209558107
HELMIC,NA,39.811,2.618,10.471,35.48133892335755
KALLAT,E,104.713,1.151,4.786,8.912509381337454
LIRTUL,D,60.256,2.239,10.233,14.12537544622754
PINRIG,E,204.174,1.159,11.22,5.248074602497725
PINSTR,E,109.648,1.349,6.026,5.248074602497725
PODPEL,NA,30.903,4.15,6.457,26.915348039269155
QUECOC2,D,85.114,1.73,9.772,11.481536214968829
RHOMAX,E,204.174,0.859,6.918,3.8018939632056115
ROBPSE,D,38.019,4.325,9.333,32.359365692962825
TSUCAN,E,123.027,0.991,5.495,3.0902954325135905
VERPAR,NA,33.884,NA,4.365,18.620871366628677
ATRCAN,NA,251.189,2.099,16.982,12.302687708123818
BACANG,NA,95.499,1.95,18.621,17.378008287493753
ELEANG,NA,81.283,3.981,14.125,23.442288153199225
GUTSAR,NA,295.121,1.679,14.791,14.454397707459272
JUNMON,E,776.247,1.169,7.762,4.786300923226384
LARTRI,E,251.189,1.941,18.197,7.762471166286917
PINEDU,E,407.38,1.059,4.074,NA
POPFRE,NA,120.226,1.66,14.454,14.454397707459272
PROGLA,NA,194.984,2.489,17.783,8.709635899560805
QUETUR,NA,151.356,1.542,NA,15.488166189124811
LYOLUC,E,239.883,0.92,6.166,5.7543993733715695
PERBOR,E,112.202,1.641,6.761,6.760829753919817
PINPAL,E,257.04,0.82,3.89,3.630780547701014
PINSER,E,275.423,0.82,4.074,5.011872336272722
PTEPYC,NA,81.283,1.968,7.762,15.488166189124811
QUELAE,D,102.329,1.151,6.761,6.309573444801933
QUEVIR,NA,158.489,1.542,12.882,5.7543993733715695
TAXDIS,NA,128.825,1.191,8.318,10.232929922807541
VACARB,NA,125.893,1.211,6.457,6.456542290346556
VACCOR,NA,102.329,1.23,6.166,12.589254117941675
ASPALB,E,120.226,1.069,6.457,NA
BELGRO,NA,128.825,1.69,14.125,7.943282347242816
CARHET,E,147.911,0.929,5.754,NA
CECFIC,NA,69.183,2.472,17.783,18.197008586099834
CLISER,NA,79.433,1.648,9.12,NA
EPELEU,E,104.713,1.25,3.631,NA
EPEPUR,E,NA,1.521,NA,NA
GOUGLA,NA,77.625,1.51,7.762,NA
LEGSP,E,138.038,2.138,6.607,NA
LICHET,E,147.911,1.3,7.943,5.248074602497725
MANESC,NA,36.308,3.981,16.982,33.11311214825911
MICDIS,NA,109.648,1.589,10.233,5.248074602497725
MICSPR,E,169.824,1.079,7.413,NA
MICMAG,E,181.97,0.8,NA,NA
NEEOBO,NA,97.724,1.841,6.457,NA
OCOCOS,E,128.825,1.5,5.888,5.011872336272722
PROSP1,E,114.815,0.859,4.074,6.025595860743578
PROSP2,E,123.027,1.77,8.128,5.7543993733715695
PROSP3,E,173.78,1.03,5.623,NA
RETTRU,E,120.226,0.681,5.623,NA
RHOHUM,E,131.826,0.78,6.166,NA
SOLSTR,NA,34.674,3.917,13.49,33.884415613920254
VISJAP,NA,95.499,1.641,12.882,9.33254300796991
VISLAU,NA,87.096,1.791,13.804,10.964781961431852
ACERUB,D,60.256,2.099,6.457,12.302687708123818
ACESAC,D,79.433,1.849,7.586,7.079457843841379
ANDGLA,E,131.826,1.39,9.333,NA
ARITRI,NA,26.303,6.353,NA,NA
BAPLEU,NA,93.325,3.589,14.791,36.30780547701014
BETNIG,NA,85.114,2.28,10,NA
BETPUM,NA,107.152,1.51,7.244,NA
CAROVA,D,89.125,1.982,8.318,NA
CAUTHA,NA,23.442,5.821,5.888,NA
CELOCC,NA,83.176,2.388,9.772,NA
CHACAL,E,87.096,1.191,6.166,NA
CORFLO,D,93.325,1.4,7.244,NA
CORRAC,NA,81.283,1.449,7.079,NA
DENLAC,NA,33.884,5.297,14.125,NA
ECHPUR,NA,77.625,1.5,9.772,17.378008287493753
ERYAME,NA,44.668,4.198,12.023,52.48074602497726
FRAAME,D,72.444,1.982,8.511,NA
ILEVER,NA,91.201,1.549,6.607,NA
JUGNIG,NA,33.113,2.958,5.754,NA
JUNVIR,NA,331.131,1.641,6.457,NA
LARDEC,D,72.444,2.099,8.913,NA
LARLAR,NA,120.226,1.429,6.761,NA
LONBEL,NA,83.176,1.901,9.772,NA
PICGLA,E,288.403,1.239,6.607,3.9810717055349722
PICMAR,E,295.121,1.211,9.12,NA
PINBAN,E,245.471,1.239,7.586,6.025595860743578
PINRES,E,295.121,1.169,6.31,NA
PINSTR,E,134.896,1.698,6.026,4.677351412871983
PINSYL,E,295.121,1.39,10.233,6.165950018614822
PODPEL,NA,32.359,4.467,7.943,NA
POPDEL,D,91.201,2.36,14.791,14.12537544622754
POPTRE2,D,83.176,2.208,12.023,22.3872113856834
PRUSER,D,100,2.07,11.749,NA
QUEELL,NA,104.713,2.099,13.183,13.182567385564074
QUEMAC,D,87.096,2.35,13.49,NA
RHACAT,D,87.096,2.301,10.965,NA
SANCAN,NA,30.903,5.358,7.943,64.56542290346556
SARPUR,E,128.825,1.14,2.951,NA
SILINT,NA,85.114,1.66,10,19.054607179632473
SILTER,NA,75.858,1.439,13.49,17.78279410038923
THUOCC,E,223.872,0.76,7.244,NA
TRIGRA,NA,28.184,5.164,5.754,NA
ULMAME,D,120.226,1.932,13.804,NA
ACENEG,D,37.154,2.5,NA,NA
ACEPEN,D,30.2,1.901,NA,NA
ACERUB,D,77.625,2,NA,NA
ACESAC,D,46.774,2.198,NA,NA
RHUTYP,D,66.069,3.097,NA,NA
ALNRUG,D,60.256,2.999,NA,NA
BETALL,D,45.709,2.198,NA,NA
BETPAP,D,72.444,2.198,NA,NA
CARCAR,D,53.703,2,NA,NA
OSTVIR,D,37.154,2.198,NA,NA
CORALT,D,39.811,1.698,NA,NA
FAGGRA,D,53.703,2.099,NA,NA
QUEALB,D,47.863,2.198,NA,NA
QUERUB,D,54.954,1.799,NA,NA
QUEMAC,D,95.499,2.099,NA,NA
CARCOR,D,43.652,2.6,NA,NA
CAROVA,D,52.481,2.198,NA,NA
JUGCIN,D,61.66,2.6,NA,NA
FRAAME,D,66.069,2.099,NA,NA
FRANIG,D,72.444,2.099,NA,NA
FRAPEN,D,87.096,1.799,NA,NA
PRUSER,D,60.256,2.698,NA,NA
PRUPEN,D,50.119,2.399,NA,NA
PRUVIR,D,83.176,2.799,NA,NA
MALSP,D,79.433,2.5,NA,NA
POPBAL,D,70.795,2,NA,NA
POPDEL,D,70.795,2.399,NA,NA
POPGRA,D,63.096,2.5,NA,NA
POPTRE2,D,79.433,2.6,NA,NA
SALNIG,D,56.234,2.5,NA,NA
TILAME,D,54.954,2.999,NA,NA
ULMAME,D,61.66,2.399,NA,NA
ULMRUB,D,60.256,2.5,NA,NA
ULMTHO,D,64.565,2.301,NA,NA
ACAMIM,E,186.209,2.388,NA,NA
BUCOBO,D,131.826,1.754,NA,NA
ERYCHL,D,91.201,2.36,NA,NA
EUCCLA,D,186.209,1.213,NA,NA
EUCMIN,E,181.97,1.112,NA,NA
EUCPOR,D,128.825,1.227,NA,NA
EUCTEC,E,131.826,1.6,NA,NA
EUCTET,E,223.872,0.908,NA,NA
LIVHUM,E,234.423,1.13,NA,NA
PLACAR,D,112.202,2.037,NA,NA
XANPAR,E,128.825,1.483,NA,NA
ACADIM,E,199.526,2.158,NA,NA
BUCOBO,D,162.181,1.159,NA,NA
EUCBLE,E,229.087,0.902,NA,NA
EUCCON,E,141.254,1.175,NA,NA
EUCMIN,E,213.796,1.094,NA,NA
EUCTEC,D,208.93,1.072,NA,NA
EUCTET,E,257.04,0.923,NA,NA
GREPYR,E,977.237,0.558,NA,NA
LYSCUN,E,144.544,1.535,NA,NA
PETQUA,E,204.174,0.689,NA,NA
PLACAR,D,158.489,1.811,NA,NA
ACAHOL,E,281.838,1.95,NA,NA
CARLAN,E,223.872,1.285,NA,NA
EUCBRE,E,295.121,0.82,NA,NA
EUCPRU,E,239.883,1.064,NA,NA
EUCPRU,E,223.872,1.324,NA,NA
EUCTEC,E,263.027,1.096,NA,NA
EUCTER,E,257.04,0.899,NA,NA
HAKARB,E,398.107,0.566,NA,NA
LYSCUN,E,138.038,1.318,NA,NA
MELSP,E,602.56,1.023,NA,NA
COCFRA,D,117.49,1.409,NA,NA
CYCARM,E,147.911,2.104,NA,NA
ERYCHL,D,102.329,2.301,NA,NA
EUCMIN,E,199.526,1.096,NA,NA
EUCNES,E,158.489,1.271,NA,NA
EUCTET,E,218.776,1.096,NA,NA
LIVHUM,E,199.526,1.75,NA,NA
PERFAL,E,208.93,0.728,NA,NA
EUCBRE,E,288.403,0.902,NA,NA
EUCTER,E,281.838,1.033,NA,NA
GREDIM,E,331.131,0.773,NA,NA
HAKLEU,E,1479.108,0.535,NA,NA
LYSCUN,E,100,2.46,NA,NA
TERARO,E,229.087,1.069,NA,NA
TERCAN,E,190.546,0.957,NA,NA
VENVIM,E,478.63,1.5,NA,NA
AGRGRY,NA,48.978,NA,NA,NA
ASCSYR,NA,54.954,NA,NA,NA
ASTACU,NA,21.878,NA,NA,NA
BRAOLE,NA,28.84,NA,NA,NA
CENNIG,NA,67.608,NA,NA,NA
CHRLEU,NA,58.884,NA,NA,NA
CICINT,NA,57.544,NA,NA,NA
DACGLO,D,45.709,NA,NA,NA
EPIGLA,NA,38.905,NA,NA,NA
EPIHEL,NA,26.915,NA,NA,NA
ERISTR,NA,29.512,NA,NA,NA
GALTET,NA,43.652,NA,NA,NA
HIESCA,NA,21.38,NA,NA,NA
HYPPER,NA,40.738,NA,NA,NA
IMPCAP,NA,18.621,NA,NA,NA
LOBINF,NA,24.547,NA,NA,NA
LYTSAL,NA,61.66,NA,NA,NA
MAICAN,NA,28.84,NA,NA,NA
MELALB,NA,52.481,NA,NA,NA
OENBLE,NA,51.286,NA,NA,NA
OENPER,NA,20.417,NA,NA,NA
OXASTR,NA,17.378,NA,NA,NA
PHLPRA,NA,57.544,NA,NA,NA
PLAMAJ,NA,52.481,NA,NA,NA
POLPER,NA,47.863,NA,NA,NA
POTSIM,NA,31.623,NA,NA,NA
PRUVUL,NA,26.303,NA,NA,NA
PYRELL,NA,50.119,NA,NA,NA
RUDHIR,NA,69.183,NA,NA,NA
SOLCAN,NA,46.774,NA,NA,NA
SONARV,NA,48.978,NA,NA,NA
SPITOM,NA,56.234,NA,NA,NA
TRIPRA,NA,52.481,NA,NA,NA
VEROFF,NA,38.019,NA,NA,NA
ACERUB,D,70.795,2.109,5.888,NA
ALNRUG,D,91.201,2.529,9.772,NA
ANDGLA,E,234.423,1.14,16.218,NA
AROMEL,D,97.724,1.742,12.023,NA
BETPOP,NA,58.884,1.791,7.244,NA
BETPUM,NA,85.114,1.811,6.457,NA
CHACAL,E,117.49,1.361,18.621,NA
COMPER,NA,75.858,2.208,12.303,NA
GAYBAC,NA,67.608,1.66,8.318,NA
ILEVER,NA,52.481,2.529,7.586,NA
KALANG,E,120.226,1.219,8.511,NA
KALPOL,E,141.254,1.3,22.387,NA
LARLAR,NA,NA,1.279,NA,NA
LEDGRO,E,112.202,1.409,11.749,NA
NEMMUC,NA,63.096,1.622,6.607,NA
PICGLA,E,NA,1.409,NA,NA
PICMAR,E,NA,1.021,NA,NA
PINSTR,E,NA,1.219,NA,NA
POPTRE2,D,91.201,1.941,7.943,NA
RUBHIS,NA,69.183,2.018,10.471,NA
SALFRA,D,95.499,2.661,9.55,NA
SARPUR,E,89.125,1.089,2.63,NA
SPIALB,NA,81.283,2.08,12.023,NA
SPITOM,NA,75.858,1.862,12.023,NA
THUOCC,E,NA,1.279,NA,NA
ULMAME,D,72.444,1.941,5.495,NA
VACMYR,NA,89.125,1.542,10.965,NA
VIBCAS,NA,87.096,2.08,7.244,NA
BEUCUM,D,87.096,2.871,10,NA
CAPVER,E,112.202,3.155,6.918,NA
CAPARI,E,144.544,2.218,7.244,NA
COUARB,D,37.154,3.148,6.918,NA
LONDIP,D,41.687,4.083,9.333,NA
MANVER,D,57.544,2.716,5.888,NA
MEMSP,E,128.825,2.046,7.586,NA
MORAME,E,147.911,2.618,7.943,NA
PITDUL,D,66.069,2.588,8.913,NA
PITLIG,D,64.565,3.499,9.12,NA
ASPALB,E,186.209,1.439,NA,NA
CATSP,E,213.796,1.035,NA,NA
CLUSP,E,213.796,1.089,NA,NA
HETSP,E,165.959,1.406,NA,NA
HIRPUN,E,208.93,0.531,NA,NA
HUMBAL,E,199.526,0.69,NA,NA
MACRUF,E,229.087,0.782,NA,NA
MOUINC,E,371.535,0.439,NA,NA
OCOESM,E,181.97,0.794,NA,NA
REMMOR,E,354.813,0.409,NA,NA
RETCON,E,162.181,0.807,NA,NA
RODDIS,E,371.535,0.598,NA,NA
ALLPUS,E,389.045,1.059,NA,NA
BANMAR,E,223.872,0.63,NA,NA
BANORN,E,263.027,0.67,NA,NA
CALALP,E,478.63,1.04,NA,NA
HIBRIP,E,190.546,1.079,NA,NA
HIBSER,E,478.63,1.05,NA,NA
HYPFAS,E,478.63,0.55,NA,NA
LEPCAR,E,436.516,0.57,NA,NA
LEPLAT,E,436.516,0.74,NA,NA
PHYREM,E,177.828,1.429,NA,NA
XANAUS,E,549.541,0.47,NA,NA
BAECRA,E,346.737,0.94,NA,NA
EUCFOE,E,331.131,0.991,NA,NA
EUCINC,E,457.088,0.78,NA,NA
HAKMUE,E,309.03,0.54,NA,NA
LEPLAT,E,389.045,0.45,NA,NA
MELUNC,E,457.088,1.25,NA,NA
BANMAR,E,147.911,0.849,NA,NA
EUCBAX,E,251.189,0.82,NA,NA
EUCOBL,E,229.087,0.94,NA,NA
LEPSEM,E,457.088,0.55,NA,NA
LEPMYR,E,147.911,1.079,NA,NA
ADIDUM,NA,109.648,NA,10,9.772372209558107
DILSUF,NA,85.114,NA,12.589,10.471285480508996
MELMAL,NA,77.625,NA,11.482,6.918309709189364
MACHEY,NA,67.608,NA,9.333,7.413102413009175
MALPAN,NA,67.608,NA,14.125,14.454397707459272
TRETOM,NA,48.978,NA,10,17.78279410038923
ACOCAM,NA,51.286,4.285,12.023,NA
ANERUP,NA,81.283,2.594,8.913,NA
ATHWAL,NA,87.096,3.141,6.761,NA
BISAMP,NA,47.863,3.819,10.715,NA
CREPIN,NA,33.884,4.169,9.333,NA
LAGKUN,NA,58.884,3.597,15.488,NA
PICSCR,NA,50.119,3.882,13.804,NA
POTCON,NA,56.234,3.006,11.482,NA
POTPED,NA,77.625,2.535,12.303,NA
RHEACU,NA,37.154,4.819,9.772,NA
RHENOB,NA,60.256,3.491,10.965,NA
RHOANT,NA,173.78,2.046,5.888,NA
SALANT,NA,85.114,2.999,9.12,NA
SAUGOS,NA,69.183,3.112,18.197,NA
SWEACA,NA,63.096,2.438,9.55,NA
IPOCAR,D,NA,NA,14.125,NA
JATGOS,D,NA,NA,15.136,NA
ALTCRU,D,NA,NA,41.687,NA
PROJUL,E,NA,NA,7.079,NA
CAPODO,E,NA,NA,7.079,NA
ACHMIL,NA,77.625,2.559,20.417,17.378008287493753
AGAFOE,NA,93.325,2.729,16.982,NA
AGRREP,NA,61.66,2.46,24.547,13.489628825916533
AGRSCA,NA,85.114,1.549,31.623,32.359365692962825
AMBART,NA,77.625,2.553,27.542,26.302679918953814
ANDGER,NA,97.724,1.239,29.512,13.489628825916533
ANECYL,NA,93.325,1.66,15.488,12.882495516931343
ASCSYR,NA,63.096,2.723,18.197,28.183829312644534
ASCTUB,NA,83.176,2.128,11.22,19.054607179632473
ASTAZU,NA,102.329,1.6,13.49,17.378008287493753
ASTERI,NA,128.825,1.778,20.417,19.952623149688797
ASTNOV,NA,66.069,2.41,15.136,NA
ASTCAN,NA,93.325,4.13,25.704,20.892961308540396
BOUCUR,NA,104.713,1.119,27.542,15.488166189124811
CALLON,NA,138.038,1.762,31.623,12.589254117941675
CORPAL,NA,151.356,1.169,10.715,11.481536214968829
CORAME,NA,104.713,2.009,15.488,10
DESCAN,NA,63.096,2.339,12.023,15.848931924611133
KOECRI,NA,138.038,1.589,25.704,18.197008586099834
LESCAP,NA,102.329,2.109,15.136,15.488166189124811
LIAASP,NA,128.825,1.629,15.488,11.220184543019636
LUPPER,NA,64.565,3.573,20.893,20.892961308540396
PANCAP,NA,66.069,1.778,13.804,NA
PANVIR,NA,97.724,1.611,31.623,11.481536214968829
PENGRA,NA,95.499,2.109,22.387,15.848931924611133
PETPUR,NA,131.826,2.432,36.308,NA
PETVIL,NA,112.202,2.642,30.2,17.78279410038923
POAPRA,NA,100,1.66,30.2,19.054607179632473
POTARG,NA,95.499,1.888,16.218,13.182567385564074
QUEMAC,D,93.325,2.36,15.849,17.78279410038923
RUDSER,NA,70.795,2.138,20.417,14.791083881682072
SCHSCO,NA,66.069,1.04,17.783,12.302687708123818
SOLNEM,NA,123.027,1.581,16.982,14.454397707459272
SOLRIG,NA,117.49,1.271,14.791,12.882495516931343
SORNUT,NA,95.499,1.39,29.512,12.589254117941675
STISPA,NA,141.254,1.811,35.481,10.964781961431852
AVIALB,NA,151.356,NA,NA,NA
AVILAN,NA,208.93,NA,NA,NA
BRUCYL,NA,114.815,NA,NA,NA
CERTAG,NA,190.546,NA,NA,NA
LUMLIT,NA,245.471,NA,NA,NA
RHIAPI,NA,204.174,NA,NA,NA
RHIMUC,NA,190.546,NA,NA,NA
SCYHYD,NA,154.882,NA,NA,NA
SONALB,NA,162.181,NA,NA,NA
CERMAN,NA,79.433,NA,NA,NA
HIBTIL,NA,102.329,NA,NA,NA
PLAOBO,NA,109.648,NA,NA,NA
SCATAC,NA,75.858,NA,NA,NA
TARFRA,NA,95.499,NA,NA,NA
TERCAT,NA,74.131,NA,NA,NA
THEPOP,NA,72.444,NA,NA,NA
TRIWHI,NA,134.896,NA,NA,NA
ADIDUM,NA,173.78,NA,NA,NA
EUGSPI,NA,104.713,NA,NA,NA
FAGFRA,NA,91.201,NA,NA,NA
MELMAL,NA,97.724,NA,NA,NA
MYRESC,NA,120.226,NA,NA,NA
RHOCIN,NA,138.038,NA,NA,NA
ARTDIV,NA,85.114,NA,NA,NA
CLAIND,NA,52.481,NA,NA,NA
COMBAR,NA,63.096,NA,NA,NA
FICFIS,NA,93.325,NA,NA,NA
FICGRO,NA,79.433,NA,NA,NA
IXORET,NA,138.038,NA,NA,NA
IXOCON,NA,134.896,NA,NA,NA
MACHEY,NA,79.433,NA,NA,NA
MACHYP,NA,89.125,NA,NA,NA
MALPAN,NA,58.884,NA,NA,NA
SAPDIS,NA,70.795,NA,NA,NA
TRECAN,NA,72.444,NA,NA,NA
TRETOM,NA,75.858,NA,NA,NA
VITPIN,NA,100,NA,NA,NA
ADECYG,E,234.423,0.789,13.804,4.36515832240166
ANDHET,E,257.04,0.94,8.511,12.02264434617413
ASTXER,E,223.872,0.979,9.772,7.244359600749901
BANATT,E,281.838,0.813,26.303,6.309573444801933
BANMEN,E,323.594,0.802,18.621,5.623413251903491
BOSERI,E,199.526,1.888,18.621,9.120108393559097
CALFLA,E,239.883,1.026,14.454,7.5857757502918375
CONPEN,E,213.796,0.912,10.965,8.31763771102671
EREPAU,E,199.526,1.156,14.125,9.120108393559097
HIBHUE,E,181.97,1.104,12.882,5.88843655355589
HIBSUB,E,245.471,1.318,17.783,7.413102413009175
JACFLO,E,309.03,1.603,19.953,8.31763771102671
LEUCON,E,158.489,1.107,6.457,10.964781961431852
LYGBAR,E,676.083,0.714,20.417,3.9810717055349722
MACRIE,E,288.403,1.73,11.749,3.311311214825911
MELACE,E,331.131,0.849,16.218,8.128305161640993
NUYFLO,E,457.088,0.76,12.882,4.897788193684462
PATOCC,E,380.189,0.863,15.488,5.011872336272722
PERSAC,E,457.088,0.711,19.055,5.248074602497725
PETLIN,E,549.541,0.622,21.878,6.165950018614822
REGCIL,E,154.882,1.127,14.791,9.549925860214358
SCHINV,E,177.828,1.303,14.791,10
STILAT,E,288.403,0.927,16.596,7.244359600749901
VERNIT,E,331.131,1.122,21.38,6.025595860743578
XANPRE,E,741.31,0.798,18.197,3.0902954325135905
ANIHUM,NA,57.544,3.548,20.417,NA
DROSP,NA,50.119,1.489,4.786,NA
GLACAR,NA,87.096,1.901,16.218,NA
PTESP,NA,37.154,2.307,5.888,NA
STYSP,NA,112.202,1.828,9.12,NA
APOBAR,E,141.254,1.274,NA,NA
ARBCAN,E,144.544,1.239,NA,NA
ERIARB,E,131.826,1.239,NA,NA
ERISCO,E,128.825,1.38,NA,NA
HEBBAH,E,112.202,0.929,NA,NA
ILECAN,E,158.489,0.875,NA,NA
ILEPLA,E,141.254,1.349,NA,NA
LAUAZO,E,128.825,1.256,NA,NA
MAYCAN,E,117.49,1.556,NA,NA
MYRFAY,E,95.499,2.075,NA,NA
OCOFOE,E,109.648,2.099,NA,NA
PERIND,E,117.49,1.531,NA,NA
PICEXC,E,173.78,1.361,NA,NA
PRULUS,E,128.825,1.742,NA,NA
RHAGLA,E,123.027,1.656,NA,NA
SALCAN,D,60.256,3.162,NA,NA
VIBRIG,E,141.254,1.279,NA,NA
VISMOC,E,138.038,1.03,NA,NA
ADEFOL,E,100,3.89,NA,NA
ARGSPP,D,138.038,1.132,NA,NA
BUPSAL,E,141.254,2.163,NA,NA
CHAPRO,E,213.796,1.285,NA,NA
CISMON,E,151.356,3.055,NA,NA
CISSIM,E,165.959,1.503,NA,NA
DAPGNI,E,158.489,1.622,NA,NA
DORSPE,D,81.283,3.664,NA,NA
HYPREF,D,109.648,1.016,NA,NA
JASODO,E,154.882,2.023,NA,NA
JUNPHO,E,158.489,0.841,NA,NA
OLEEUR,E,194.984,1.778,NA,NA
PINCAN,E,69.183,1.245,NA,NA
RUMLUN,D,93.325,2.143,NA,NA
ALNRHO,D,97.724,2.254,NA,NA
QUELOB,D,131.826,2.046,NA,NA
QUEKEL,D,117.49,1.578,NA,NA
QUEDOU,D,125.893,1.718,NA,NA
AESCAL,D,72.444,2.023,NA,NA
SALLAE,D,120.226,1.841,NA,NA
HETARB,E,194.984,0.684,NA,NA
RHACAL,E,93.325,1.34,NA,NA
QUEAGR,E,177.828,1.089,NA,NA
ARBMEN,E,144.544,1.213,NA,NA
ADEFAS,E,190.546,0.766,NA,NA
ARCCRU,E,245.471,1.026,NA,NA
CEACUN,E,275.423,1.324,NA,NA
DIPAUR,E,120.226,1.77,NA,NA
ERICAL,E,275.423,0.971,NA,NA
LEPCAL,D,112.202,2.938,NA,NA
BERILI,E,204.174,1.172,NA,NA
DRIWIN,E,144.544,0.877,NA,NA
EMBCOC,E,128.825,1.197,NA,NA
MAYMAG,E,138.038,1,NA,NA
NOTANT,D,91.201,2.415,NA,NA
NOTBET,E,151.356,1.276,NA,NA
NOTPUM,D,54.954,2.239,NA,NA
ARTTRI,E,131.826,1.596,NA,NA
CHILIN,D,234.423,1.545,NA,NA
CHRNAU,E,123.027,1.932,NA,NA
FLOCER,D,114.815,2.438,NA,NA
LARTRI,E,120.226,2.393,NA,NA
SIMCHI,E,194.984,1.718,NA,NA
CARTOM,D,35.481,1.637,NA,NA
CHIVIR,D,34.674,1.758,NA,NA
CORFLO,D,43.652,1.514,NA,NA
ILEOPA,E,134.896,1.119,NA,NA
LIQSTY,D,70.795,1.452,NA,NA
LIRTUL,D,35.481,1.603,NA,NA
PLAOCC,D,42.658,2.004,NA,NA
POPHET,D,69.183,2.404,NA,NA
ACERUB,D,44.668,1.986,NA,NA
BETPAP,D,85.114,1.901,NA,NA
POPTRE2,D,81.283,1.862,NA,NA
QUERUB,D,83.176,2.056,NA,NA
SALARC,D,75.858,4.989,NA,NA
DRYINT,E,107.152,1.005,NA,NA
CASTET,E,109.648,1.75,NA,NA
ARCUVA,E,316.228,0.7,NA,NA
CISALB,E,186.209,1.13,NA,NA
CISLAD,E,288.403,1.698,NA,NA
CISLIB,E,269.153,1.51,NA,NA
CISMON,E,239.883,1.3,NA,NA
CISSAL,E,95.499,1.66,NA,NA
HALCOM,E,295.121,0.92,NA,NA
HALHAL,E,165.959,1.361,NA,NA
HALUMB,E,281.838,1.271,NA,NA
JUNCOM,E,151.356,0.719,NA,NA
JUNOOP,E,NA,0.871,NA,NA
LAVSTO,E,158.489,1.57,NA,NA
OLEEUR,E,199.526,1.56,NA,NA
PHIANG,E,234.423,1.581,NA,NA
PHLPUR,E,NA,2.553,NA,NA
PINPIN,E,NA,0.69,NA,NA
PISLEN,E,218.776,2.541,NA,NA
QUECOC,E,165.959,1.429,NA,NA
QUEROT,E,169.824,1.77,NA,NA
ROSOFF,E,213.796,1.199,NA,NA
ARBUNE,E,154.882,1.009,NA,NA
CALVUL,E,141.254,0.619,NA,NA
CERSIL,E,199.526,1.309,NA,NA
CISLAU,E,295.121,1.449,NA,NA
CISPOP,E,204.174,1.33,NA,NA
CRAMON,D,93.325,1.25,NA,NA
ERISCO,E,162.181,1.34,NA,NA
FICCAR,D,114.815,1.901,NA,NA
FRAALN,D,70.795,2.301,NA,NA
FRAANG,D,74.131,2.128,NA,NA
FRAORN,D,154.882,2.018,NA,NA
MYRCOM,E,95.499,1.5,NA,NA
NEROLE,E,181.97,1.39,NA,NA
POPALB,D,85.114,1.66,NA,NA
PYRBOU,D,85.114,1.77,NA,NA
QUEFAG,D,109.648,1.679,NA,NA
QUELUS,D,147.911,1.439,NA,NA
QUEPYR,D,77.625,1.932,NA,NA
QUESUB,E,141.254,1.901,NA,NA
RUBULM,E,83.176,2.042,NA,NA
SALSP,E,117.49,1.888,NA,NA
SMIASP,D,107.152,2.178,NA,NA
VITVIN,D,63.096,2.432,NA,NA
ANTGRA,E,NA,2.168,NA,NA
ANTMAC,E,NA,2.518,NA,NA
BARFIS,E,NA,2.339,NA,NA
BERAUR,E,NA,2,NA,NA
CISPRO,E,NA,2.042,NA,NA
COUEDU,E,NA,1.66,NA,NA
DEICLE,E,NA,2.78,NA,NA
DICCAL,E,NA,3.581,NA,NA
DICGLA,E,NA,2.218,NA,NA
DIODEN,E,NA,1.38,NA,NA
DIOHOY,E,NA,1.762,NA,NA
GARMAN,E,NA,1.321,NA,NA
GAROVA,E,NA,1.521,NA,NA
LEPDAP,E,NA,1.648,NA,NA
LIBKLA,E,NA,1.549,NA,NA
LOPALA,D,NA,1.742,NA,NA
MAMAFR,E,NA,1.38,NA,NA
PROTAP,E,NA,1.69,NA,NA
RAUVOM,E,NA,2.612,NA,NA
TRIPAT,E,NA,1.611,NA,NA
UAPSTA,E,NA,1.679,NA,NA
BOSPHO,E,NA,2.41,NA,NA
CASRUW,E,NA,2.897,NA,NA
CELAFR,D,NA,2.5,NA,NA
CELDUR,D,NA,2.992,NA,NA
CHAARI,D,NA,2.911,NA,NA
DOMMUK,E,NA,3.443,NA,NA
ERYEXC,E,NA,3.069,NA,NA
FUNLAT,E,NA,2.5,NA,NA
MARPLA,E,NA,2.851,NA,NA
MILDUR,E,NA,4.276,NA,NA
PANTUR,E,NA,2.249,NA,NA
PAREXC,E,NA,1.862,NA,NA
STRSCH,E,NA,2.858,NA,NA
TECNOB,E,NA,2.871,NA,NA
PIPAEQ,E,36.308,2.786,2.57,NA
PIPAMA,E,36.308,2.382,2.692,NA
PIPAUR,E,28.184,3.75,9.55,NA
PIPHIS,E,30.2,2.831,3.467,NA
PIPLAP,E,31.623,2.729,3.02,NA
PIPPEL,E,22.909,2.35,NA,NA
PIPUMB,E,33.113,2.761,6.166,NA
CARCAR,D,43.652,2.301,NA,NA
CLEMEX,NA,97.724,1.4,NA,NA
LIQSTY,D,47.863,1,NA,NA
QUEXAL,D,69.183,1.799,NA,NA
CINBAR,E,79.433,1.6,NA,NA
HEDMAX,E,46.774,2.099,NA,NA
MAGSCH,E,97.724,2.099,NA,NA
OREXAL,E,109.648,1.901,NA,NA
TURINS,E,77.625,1.549,NA,NA
ACAFLO,E,125.893,2.307,10.965,10.715193052376065
ALLSP,E,181.97,1.321,9.55,7.762471166286917
ASTFLO,E,83.176,1.589,11.749,8.912509381337454
CORREF,E,70.795,1.256,4.467,4.570881896148751
DODTRI,E,95.499,1.901,20.893,10
EUCPAN,E,120.226,1.084,9.12,6.165950018614822
EUCUMB,E,204.174,0.912,8.511,6.309573444801933
GOMLAT,E,95.499,1.71,NA,NA
LASFER,E,120.226,1.159,8.128,4.265795188015927
LEPPOL,E,91.201,1.306,8.511,14.12537544622754
LOMSIL,E,141.254,0.619,5.888,8.128305161640993
MACCOM,E,269.153,1.346,7.244,3.9810717055349722
PERLIN,E,144.544,0.766,7.413,3.8018939632056115
POMFER,E,97.724,1.282,7.586,5.623413251903491
PULDAP,E,93.325,1.95,9.55,7.762471166286917
PULFLE,E,91.201,2.037,10,14.12537544622754
SYNGLA,E,91.201,1.589,6.457,9.120108393559097
SYNGLO,E,147.911,0.984,9.12,6.165950018614822
XYLPYR,E,151.356,0.869,10.471,3.890451449942806
ACASUA,E,218.776,1.91,9.55,6.918309709189364
BANMAR,E,169.824,0.849,19.498,4.786300923226384
BORLED,E,158.489,1.191,8.71,6.165950018614822
CORGUM,E,186.209,0.813,12.882,5.623413251903491
ERIAUS,E,147.911,1.199,10,6.918309709189364
EUCHAE,E,199.526,1.045,12.023,6.025595860743578
GOMGRA,E,128.825,1.227,6.918,8.912509381337454
GREBUX,E,109.648,0.708,8.71,10.715193052376065
GRESPE,E,154.882,0.859,8.913,7.413102413009175
HAKDAC,E,257.04,0.535,12.589,3.890451449942806
HAKTER,E,338.844,0.516,14.125,4.073802778041127
HIBBRA,E,109.648,1.04,6.761,7.413102413009175
LAMFOR,E,223.872,0.604,9.333,3.630780547701014
LEPTRI,E,128.825,0.853,4.467,10
PERLEV,E,181.97,0.59,8.128,2.51188643150958
PHYPHY,E,120.226,1.239,8.318,10.715193052376065
PIMLIN,E,57.544,1.486,7.943,16.595869074375607
ACADOR,E,218.776,2.004,14.454,6.760829753919817
ACAOSW,E,263.027,1.837,13.183,4.466835921509632
ATRSTI,E,83.176,2.897,19.498,38.90451449942807
BRAPOP,E,131.826,1.791,9.772,5.370317963702527
CALGLA,E,234.423,1.202,6.31,4.168693834703354
DODVIS,E,169.824,1.858,12.303,19.952623149688797
DODVIS,E,112.202,1.977,10,18.197008586099834
DODVIS,E,131.826,1.982,12.882,15.488166189124811
EREGLA,E,162.181,1.687,15.136,10
ERELON,E,269.153,1.466,NA,NA
EREMIT,E,177.828,1.862,9.12,10.964781961431852
EUCINT,E,181.97,1.472,18.197,5.495408738576246
EXOAPO,E,524.807,1.067,4.074,NA
GEIPAR,E,186.209,1.698,10.471,5.7543993733715695
HAKTEP,E,501.187,0.731,12.303,2.3988329190194904
HELAPI,E,38.019,2.71,10.233,35.48133892335755
MELUNC,E,281.838,1.274,14.454,10.715193052376065
OLEPIM,E,117.49,2.455,5.754,16.595869074375607
PHIDIF,E,275.423,1.479,10.715,13.489628825916533
PIMMIC,E,81.283,3.083,10.715,26.302679918953814
SENART,E,346.737,1.986,12.882,14.12537544622754
SENART,E,281.838,1.734,14.125,12.302687708123818
SOLFER,E,75.858,3.266,9.55,26.302679918953814
SPAPUB,E,93.325,2.965,13.183,33.11311214825911
ACACOL,E,363.078,1.786,8.511,5.7543993733715695
ACAHAV,E,416.869,1.455,12.023,8.912509381337454
ACAWIL,E,162.181,1.892,8.128,11.481536214968829
BERCUN,E,169.824,1.914,7.079,10.232929922807541
BEYOPA,E,158.489,1.722,5.754,9.33254300796991
BOSWAL,E,316.228,1.216,11.22,6.760829753919817
BRAPOP,E,125.893,1.545,7.413,4.677351412871983
CALGLA,E,NA,1.081,NA,NA
CASLAE,E,128.825,1.849,6.918,12.882495516931343
EREDES,E,218.776,1.596,9.12,6.456542290346556
EREGLA,E,154.882,1.832,12.023,11.481536214968829
EUCDUM,E,301.995,0.908,13.49,3.715352290971725
EUCSOC,E,281.838,1.219,16.218,4.786300923226384
EUTMIC,E,89.125,1.888,9.55,14.791083881682072
GREANE,E,144.544,1.239,5.248,10.471285480508996
MELUNC,E,380.189,1.151,11.22,9.120108393559097
MICSES,E,208.93,1.51,5.012,6.760829753919817
OLEDEC,E,154.882,1.718,10.233,12.302687708123818
OLEPIM,E,102.329,2.328,7.762,13.803842646028846
PHIDIF,E,177.828,1.374,9.55,9.772372209558107
SANACU,E,309.03,0.998,7.413,3.890451449942806
TRISCA,E,389.045,0.879,13.183,8.128305161640993
CITMAC,NA,104.713,NA,NA,NA
BACPED,NA,61.66,NA,NA,NA
PARAMP,NA,83.176,NA,NA,NA
BLAFOL,NA,72.444,NA,NA,NA
FICMAC,NA,162.181,NA,NA,NA
INGPUN,NA,112.202,NA,NA,NA
CRODRA,NA,61.66,NA,NA,NA
DENARB,E,204.174,NA,NA,NA
CLUSTE,NA,263.027,NA,NA,NA
ABIALB,E,186.209,1.722,5.37,NA
ACEPLA,D,46.774,1.622,7.079,NA
ACEPSE,D,61.66,2.198,4.365,NA
BETPEN,D,66.069,1.901,8.71,NA
CARBET,D,45.709,1.871,7.244,NA
FAGSYL,D,44.668,2.178,6.918,NA
LARDEC,D,100,1.811,4.169,NA
PICABI,E,234.423,1.191,6.918,NA
PINNIG,E,323.594,1.18,16.596,NA
PINSYL,E,281.838,1.321,10.965,NA
PSEMEN,E,138.038,1.079,4.266,NA
QUEROB,D,69.183,1.862,7.413,NA
QUERUB,D,69.183,2.009,9.333,NA
TILCOR,D,45.709,1.871,3.89,NA
PEUMUL,D,39.811,4.699,NA,NA
POTMAR,D,50.119,3.451,NA,NA
SIEPEN,D,61.66,2.6,NA,NA
BETERM,D,47.863,2.553,NA,NA
ALNMAX,D,66.069,2.198,NA,NA
BETPLA,D,60.256,2.148,NA,NA
BETERM,D,64.565,1.799,NA,NA
ALNMAX,D,45.709,2.301,NA,NA
QUEMON,D,54.954,2.148,NA,NA
ANAEXC,E,102.329,NA,8.71,NA
CECLON,E,125.893,NA,12.303,NA
DIDMOR,E,138.038,NA,14.454,NA
FICOBT,E,97.724,NA,13.804,NA
LUESEE,E,77.625,NA,10.471,NA
PSESEP,D,128.825,NA,13.183,NA
COLMOP,NA,NA,NA,9.55,NA
COMAPI,NA,NA,NA,4.365,NA
DALMEL,NA,NA,NA,5.129,NA
EUCDIV,NA,NA,NA,3.388,NA
LANSTU,NA,NA,NA,3.236,NA
ALBANT,NA,NA,NA,12.023,NA
BRASPI,NA,NA,NA,10.715,NA
BURAFR,NA,NA,NA,11.22,NA
COMAPI,NA,NA,NA,8.318,NA
JULGLO,NA,NA,NA,9.772,NA
MONGLA,NA,NA,NA,8.71,NA
TERSER,NA,NA,NA,8.128,NA
ACANIG,NA,NA,NA,16.218,NA
BOLSPE,NA,NA,NA,14.454,NA
COMAPI,NA,NA,NA,5.754,NA
EUCDIV,NA,NA,NA,6.918,NA
ZIZMUC,NA,NA,NA,12.589,NA
LEULAN,E,229.087,0.447,NA,NA
LEUPUB,E,194.984,0.583,NA,NA
PROBRA,E,288.403,1.033,NA,NA
PROLAU,E,354.813,1.045,NA,NA
PRONIT,E,338.844,0.471,NA,NA
LEUSAL,E,223.872,0.726,NA,NA
PROBUR,E,301.995,0.861,NA,NA
PROLAU,E,257.04,0.679,NA,NA
PROREP,E,295.121,0.7,NA,NA
AULUMB,E,199.526,0.721,NA,NA
LEUARC,E,346.737,0.443,NA,NA
LEUSAL,E,251.189,0.532,NA,NA
PROLAU,E,371.535,0.545,NA,NA
PROREP,E,363.078,0.406,NA,NA
LEUBRU,E,436.516,0.586,NA,NA
LEUPUB,E,288.403,0.541,NA,NA
PROGLA,E,524.807,0.656,NA,NA
PROLAU,E,446.684,0.564,NA,NA
LEUPUB,E,181.97,0.52,NA,NA
LEUSAL,E,218.776,0.64,NA,NA
PARBRA,E,288.403,0.838,NA,NA
PRONIT,E,257.04,0.745,NA,NA
DIADIV,E,125.893,1.057,NA,NA
LEULAU,E,218.776,0.49,NA,NA
LEUSAL,E,234.423,0.436,NA,NA
LEUCON,E,234.423,0.652,NA,NA
LEUHYP,E,239.883,0.512,NA,NA
MIMFIB,E,162.181,0.692,NA,NA
PROSPE,E,467.735,0.334,NA,NA
SERHIR,E,194.984,0.718,NA,NA
LEUFOE,E,257.04,0.701,NA,NA
PROREP,E,309.03,0.859,NA,NA
SERFUC,E,257.04,1.462,NA,NA
LEUSAL,E,218.776,0.585,NA,NA
LEUCON,E,208.93,0.716,NA,NA
PRONER,E,263.027,0.735,NA,NA
PRONIT,E,269.153,0.929,NA,NA
SERSP,E,190.546,0.877,NA,NA
LEUSAL,E,234.423,0.668,NA,NA
PROLAU,E,288.403,1.496,NA,NA
PRONER,E,263.027,0.736,NA,NA
PROREP,E,316.228,0.753,NA,NA
AULUMB,E,186.209,0.891,NA,NA
LEUCON,E,239.883,0.783,NA,NA
LEUSAL,E,218.776,0.724,NA,NA
MIMCUC,E,199.526,0.48,NA,NA
PROSUS,E,301.995,0.813,NA,NA
SERNER,E,239.883,0.887,NA,NA
AULUMB,E,218.776,0.776,NA,NA
LEUXAN,E,87.096,0.649,NA,NA
LEUCOR,E,257.04,0.634,NA,NA
MIMCUC,E,229.087,0.507,NA,NA
PROCOR,E,309.03,0.661,NA,NA
PRONER,E,275.423,0.587,NA,NA
SERFAS,E,257.04,0.822,NA,NA
LEULAU,E,234.423,0.824,NA,NA
LEUXAN,E,141.254,0.791,NA,NA
LEUCOR,E,251.189,0.721,NA,NA
PROCOM,E,281.838,0.586,NA,NA
PRONER,E,288.403,0.986,NA,NA
AULUMB,E,186.209,0.822,NA,NA
LEUSAL,E,151.356,0.621,NA,NA
PROCOR,E,281.838,0.64,NA,NA
PRONER,E,338.844,0.851,NA,NA
PROREP,E,331.131,0.553,NA,NA
HAKAMP,E,208.93,0.359,NA,NA
HAKCRI,E,323.594,0.614,NA,NA
HAKCYC,E,380.189,0.416,NA,NA
HAKERI,E,239.883,0.463,NA,NA
HAKINC,E,389.045,0.649,NA,NA
HAKLIS,E,316.228,0.436,NA,NA
HAKMYR,E,162.181,0.55,NA,NA
HAKPET,E,288.403,0.719,NA,NA
HAKRUS,E,218.776,0.54,NA,NA
HAKSTE,E,181.97,0.612,NA,NA
HAKTRI,E,354.813,NA,NA,NA
HAKUND,E,199.526,0.776,NA,NA
HAKANA,E,251.189,0.649,NA,NA
HAKAUR,E,489.779,0.54,NA,NA
HAKCON,E,229.087,0.594,NA,NA
HAKCOS,E,177.828,0.334,NA,NA
HAKENE,E,398.107,0.432,NA,NA
HAKFLA,E,549.541,0.495,NA,NA
HAKINC,E,416.869,0.649,NA,NA
HAKLON,E,371.535,0.28,NA,NA
HAKMAR,E,229.087,0.54,NA,NA
HAKMEG,E,263.027,0.378,NA,NA
HAKNEU,E,331.131,0.54,NA,NA
HAKPRO,E,346.737,0.776,NA,NA
HAKPSI,E,812.831,0.345,NA,NA
HAKSPA,E,316.228,0.495,NA,NA
HAKTRI,E,501.187,NA,NA,NA
HAKADN,E,478.63,0.421,NA,NA
HAKBIC,E,707.946,0.442,NA,NA
HAKPAN,E,537.032,0.561,NA,NA
HAKSCO,E,630.957,0.615,NA,NA
HAKACU,E,407.38,0.453,NA,NA
HAKCIN,E,537.032,0.637,NA,NA
HAKHOO,E,537.032,0.495,NA,NA
HAKILI,E,575.44,0.302,NA,NA
HAKLAS,E,467.735,0.465,NA,NA
HAKNIT,E,371.535,0.486,NA,NA
HAKOBT,E,229.087,0.745,NA,NA
HAKVER,E,524.807,0.356,NA,NA
HAKVIC,E,478.63,0.475,NA,NA
HAKBUC,E,446.684,0.841,NA,NA
HAKORT,E,602.56,0.356,NA,NA
HAKORT,E,630.957,0.637,NA,NA
HAKPYC,E,338.844,0.41,NA,NA
HAKSTE,E,407.38,0.875,NA,NA
HAKCOM,E,630.957,0.518,NA,NA
HAKCYG,E,457.088,0.432,NA,NA
HAKCYG,E,512.861,0.962,NA,NA
HAKHOR,E,436.516,0.399,NA,NA
HAKKIP,E,630.957,0.61,NA,NA
HAKNEW,E,794.328,0.38,NA,NA
HAKOBL,E,851.138,0.28,NA,NA
HAKSTR,E,794.328,0.313,NA,NA
HAKSUB,E,398.107,0.735,NA,NA
HAKERE,E,380.189,0.248,NA,NA
HAKFRA,E,363.078,0.448,NA,NA
HAKINV,E,707.946,0.507,NA,NA
HAKMIN,E,363.078,0.853,NA,NA
HAKMUL,E,331.131,0.324,NA,NA
HAKDRU,E,416.869,0.442,NA,NA
HAKELL,E,190.546,0.637,NA,NA
HAKFER,E,169.824,0.388,NA,NA
HAKLAS,E,239.883,0.468,NA,NA
HAKLAU,E,281.838,0.658,NA,NA
HAKPRE,E,912.011,0.453,NA,NA
HAKRUS,E,223.872,0.54,NA,NA
HAKSUL,E,660.693,0.442,NA,NA
HAKTUB,E,234.423,0.48,NA,NA
HAKAMB,E,251.189,0.604,NA,NA
HAKBAX,E,602.56,0.388,NA,NA
HAKCER,E,676.083,0.404,NA,NA
HAKCOR,E,724.436,0.368,NA,NA
HAKCUC,E,323.594,0.658,NA,NA
HAKDEN,E,363.078,0.481,NA,NA
HAKLEH,E,354.813,0.335,NA,NA
HAKPAN,E,724.436,0.375,NA,NA
HAKPRI,E,354.813,0.681,NA,NA
HAKPRO,E,275.423,0.439,NA,NA
HAKTRI,E,588.844,NA,NA,NA
HAKVAR,E,426.58,0.338,NA,NA
HAKAMP,E,245.471,0.359,NA,NA
HAKFAL,E,154.882,NA,NA,NA
HAKFLO,E,331.131,0.5,NA,NA
HAKLIN,E,354.813,0.594,NA,NA
HAKOLE,E,316.228,0.511,NA,NA
HAKPRO,E,416.869,0.439,NA,NA
HAKBRO,E,616.595,0.324,NA,NA
HAKCAN,E,489.779,0.561,NA,NA
HAKCIR,E,323.594,NA,NA,NA
HAKCYG,E,478.63,0.432,NA,NA
HAKGIL,E,467.735,0.334,NA,NA
HAKOBL,E,602.56,0.28,NA,NA
HAKPLA,E,870.964,0.334,NA,NA
HAKPOL,E,512.861,0.442,NA,NA
HAKREC,E,912.011,0.604,NA,NA
HAKREC,E,1513.561,0.528,NA,NA
HAKSCO,E,588.844,0.432,NA,NA
ALNCRI,D,69.183,2,NA,NA
ALNINC,D,45.709,3.192,NA,NA
ANDPOL,E,154.882,NA,9.12,NA
ARCLAT,NA,128.825,2,NA,NA
ARCALP,D,97.724,NA,11.749,NA
BETGLA,D,63.096,2.382,10.233,NA
BETNAN,D,77.625,2.084,12.589,NA
BETPAP,D,54.954,2.6,NA,NA
BISPLU,NA,93.325,NA,20.417,NA
CALCAN,NA,169.824,2.301,9.772,NA
CALPUR,NA,NA,NA,NA,NA
CARAQU,NA,95.499,2,10.471,NA
CARBIG,NA,109.648,1.726,13.183,NA
CASTET,E,251.189,1.199,7.762,NA
DRYINT,E,199.526,1.466,9.333,NA
DRYOCT,E,74.131,2.793,NA,NA
EMPNIG,E,177.828,1.099,6.026,NA
EPIANG,NA,77.625,1.901,NA,NA
EPILAT,NA,67.608,2.761,NA,NA
EQUARV,NA,100,2.109,NA,NA
EQUVAR,NA,158.489,2.239,NA,NA
ERIANG,NA,128.825,1.6,10.471,NA
ERITRI,NA,144.544,1.6,NA,NA
ERIVAG,NA,158.489,1.791,12.882,NA
HEDALP,NA,64.565,3.828,NA,NA
HEDMAC,NA,93.325,5.129,NA,NA
HIEALP,NA,169.824,2,14.454,NA
JUNBIG,NA,199.526,1.56,NA,NA
LEDGRO,E,125.893,1.199,NA,NA
LEDPAL,E,186.209,1.419,8.71,NA
LOIPRO,E,218.776,0.899,NA,NA
LUPARC,NA,NA,1.799,NA,NA
LUZARC,NA,104.713,1.489,NA,NA
LUZCON,NA,NA,NA,NA,NA
OXYMAY,NA,67.608,4.56,NA,NA
OXYNIG,NA,128.825,3.483,NA,NA
PETFRI,NA,66.069,1.901,11.749,NA
PICGLA,E,323.594,1.199,NA,NA
PICMAR,E,389.045,0.899,NA,NA
POAARC,NA,102.329,1.39,NA,NA
POAGLA,NA,125.893,0.5,NA,NA
POLBIS,NA,97.724,2.366,20.417,NA
POPBAL,D,95.499,1.901,NA,NA
POPTRE2,D,75.858,2.198,NA,NA
POTFRU,NA,77.625,2.553,NA,NA
POTHYP,NA,52.481,1.932,NA,NA
RUBCHA,NA,83.176,2.018,9.333,NA
SALALA,D,100,1.799,NA,NA
SALARC,D,87.096,1.959,NA,NA
SALFUS,D,74.131,NA,7.762,NA
SALGLA,D,85.114,2.198,NA,NA
SALPUL,D,91.201,2.198,14.125,NA
SALRET,D,91.201,NA,12.023,NA
TOFCOC,NA,134.896,1.199,NA,NA
TOFPUS,NA,72.444,1.919,NA,NA
TRICAE,NA,154.882,2.339,NA,NA
VACULI,D,81.283,2.36,10.233,NA
VACVIT,E,177.828,0.991,6.761,NA
BEUCUM,D,112.202,1.698,NA,NA
BULARB,D,91.201,1.968,NA,NA
CAEGRA,D,134.896,1.807,NA,NA
CAPLIN,E,489.779,1.259,NA,NA
CAPODO,E,275.423,1.148,NA,NA
CAPPAC,E,223.872,1.349,NA,NA
COCVIT,D,53.703,2.275,NA,NA
JACREV,E,251.189,0.975,NA,NA
PERGUA,D,81.283,2.377,NA,NA
PITCAR,D,85.114,2.28,NA,NA
TABBIL,D,52.481,2.307,NA,NA
ARIFRU,E,117.49,1.849,NA,NA
BRAREV,E,331.131,1.094,NA,NA
CASVAU,E,194.984,1.089,NA,NA
COPALP,E,194.984,0.899,NA,NA
COPCHE,E,134.896,1.589,NA,NA
COPCIL,E,134.896,1.675,NA,NA
COPPAR,E,120.226,1.91,NA,NA
COPRUG,E,147.911,1.782,NA,NA
COPSER,E,239.883,0.975,NA,NA
DRAUNI,E,223.872,0.869,NA,NA
DRAPRO,E,138.038,0.881,NA,NA
GAUCRA,E,199.526,1.057,NA,NA
HALBID,E,154.882,1.119,NA,NA
HEBARG,E,213.796,1.303,NA,NA
HEBCOC,E,208.93,1.096,NA,NA
HEBHEC,E,426.58,0.605,NA,NA
HEBODO,E,251.189,0.721,NA,NA
HEBPAU,E,158.489,1.276,NA,NA
HEBPAU,E,323.594,0.637,NA,NA
HEBSUB,E,218.776,0.964,NA,NA
LEPLAX,E,123.027,1.019,NA,NA
MYRNUM,E,128.825,1.054,NA,NA
OLEMOS,E,173.78,1.56,NA,NA
OLENUM,E,223.872,1.072,NA,NA
OLEVIR,E,169.824,1.995,NA,NA
PHYALP,E,354.813,0.851,NA,NA
PODNIV,E,204.174,1.014,NA,NA
ACEPEN,D,38.905,NA,NA,NA
ACERUB,D,77.625,1.648,NA,8.511380382023766
BETSP,D,58.884,NA,NA,NA
CARGLA,D,83.176,2.553,NA,10.232929922807541
CORFLO,D,67.608,1.742,NA,10.964781961431852
FRASP,D,79.433,1.919,NA,11.748975549395297
LIRTUL,D,74.131,2.128,NA,12.302687708123818
MAGFRA,D,43.652,2.291,NA,10
NYSSYL,D,54.954,1.841,NA,10.964781961431852
OXYARB,D,38.019,1.862,NA,12.589254117941675
PLAOCC,D,69.183,2.07,NA,7.762471166286917
QUEALB,D,97.724,2.198,NA,11.220184543019636
QUECOC2,D,104.713,NA,NA,NA
QUEPRI,D,112.202,2.541,NA,12.02264434617413
QUERUB,D,95.499,2.148,NA,8.31763771102671
RHOMAX,E,117.49,NA,NA,NA
ROBPSE,D,75.858,3.17,NA,11.220184543019636
TILAME,D,66.069,2.877,NA,10.471285480508996
